Icon1,Icon2,Icon3,Name_EN,Name_IT,Name_JP,Number,Type,Group_JP,Group_EN,Group_IT,Attribute,Cost3,Cost2,Cost1,Rarity,Power/Summary,Text_JP,Text_EN,Text_IT,Flavor_JP,Flavor_EN,eOneBook,Viz,Flavor_IT,Chapter,First Ch.,Alt_Name_EN,Alt_Name_IT,Alt_Flavor_EN,Alt_Flavor_IT
å°†,â†‘UP,,Kenshiro,Kenshiro,ã‚±ãƒ³ã‚·ãƒ­ã‚¦,1,Character,åŒ—æ–—ç¥æ‹³,Hokuto Shinken,Hokuto Shinken,ç¾©,âº,âº,ç¾©,,2200,"ãƒ»ã“ã®ã‚­ãƒ£ãƒ©ã‚¯ã‚¿ãƒ¼ãŒ ã€å¤§å°†ã€‘ ã§ã‚ã‚‹é–“ã€
   ã“ã®ã‚­ãƒ£ãƒ©ã‚¯ã‚¿ãƒ¼ã®ãƒ‘ãƒ¯ãƒ¼ã¯+400ã•ã‚Œã‚‹ã€‚","ãƒ» å°†-UP: While this character is the [General], it has +400 Power.","ãƒ» å°†-UP: FinchÃ© questo personaggio Ã¨ il [Generale], ha +400 Power.","ãŠå‰ã¯ã‚‚ã†æ­»ã‚“ã§ã„ã‚‹
ãƒ¼ã‚±ãƒ³ã‚·ãƒ­ã‚¦ãƒ¼","You are already dead
ãƒ¼ Kenshiro",You are already dead.,,"Tu sei giÃ  morto
ãƒ¼ Kenshiro",1+,1,,,,
ğŸ—²,,,Rei,Rei,ãƒ¬ã‚¤,2,Character,å—æ–—è–æ‹³,Nanto Seiken,Nanto Seiken,ç¾©,,âº,ç¾©,â˜…,2000,"ãƒ»ã“ã®ã‚­ãƒ£ãƒ©ã‚¯ã‚¿ãƒ¼ãŒã‚­ãƒ£ãƒ©ã‚¯ã‚¿ãƒ¼ã‚’æ”»æ’ƒã™ã‚‹ã¨ãã€
   ç›¸æ‰‹ãŒã€èº«ä»£ã‚ã‚Šã€ã‚’è¡Œã£ã¦ã‚‚ã€æ”»æ’ƒå¯¾è±¡ã®ã‚­ãƒ£ãƒ©ã‚¯ã‚¿ãƒ¼ã¨ãƒãƒˆãƒ«ã™ã‚‹ã€‚","ãƒ» ğŸ—²: When this character attacks another character even if [Intercept]ed, fight the original target.","ãƒ» ğŸ—²: Quando questo personaggio attacca, se un altro personaggio [Intercetta] l'attacco, combatti col bersaglio originale.","ãŠã‚Œã¯ç”Ÿãã­ã°ãªã‚‰ã‚“ï¼
èƒ¸ã«ä¸ƒã¤ã®å‚·ã‚’ã‚‚ã¤ç”·ã‚’æ®ºã™ã¾ã§ã¯ï¼ï¼
ãƒ¼ãƒ¬ã‚¤ãƒ¼","I must survive at all costs!
I cannot rest
until I kill the man with seven scars on his chest!!
ãƒ¼ Rei",I must survive at all costs! I cannot rest until I kill the man with seven scars on his chest!!,I cannot die! Not until I kill the man with sever scars on his chest!,"PerchÃ© io devo sopravvivere,
almeno fin quando non avrÃ² ucciso l'uomo dalle sette cicatrici sul petto!
ãƒ¼ Rei",27+,27,,,,
å°†,â†‘UP,,Yuria (Last General of Nanto),Yuria (Ultimo Generale di Nanto),ãƒ¦ãƒªã‚¢(å—æ–—æœ€å¾Œã®),3,Character,å—æ–—è–æ‹³,Nanto Seiken,Nanto Seiken,ç¾©,,âº,ç¾©,â˜…â˜…,1500,"ãƒ»ã“ã®ã‚­ãƒ£ãƒ©ã‚¯ã‚¿ãƒ¼ãŒ ã€å¤§å°†ã€‘ ã§ã‚ã‚‹é–“ã€
   ãƒãƒˆãƒ«ãƒ•ã‚£ãƒ¼ãƒ«ãƒ‰ã«ã„ã‚‹å±æ€§ ã€ç¾©ã€ã®ã‚­ãƒ£ãƒ©ã‚¯ã‚¿ãƒ¼ã®ãƒ‘ãƒ¯ãƒ¼ã¯+200ã•ã‚Œã‚‹ã€‚","ãƒ» å°†-UP: While this character is the [General], all ""ç¾©"" (blue) attribute characters on the battlefield have +200 Power.","ãƒ» å°†-UP: FinchÃ© questo personaggio Ã¨ il [Generale], tutti i personaggi con attributo ""ç¾©"" (blu) sul battlefield hanno +200 Power.","ã‚ˆã‹ã‚ã†ï¼
ã“ã®é›²ã®ã‚¸ãƒ¥ã‚¦ã‚¶ã®å‘½ã‚ã‚“ãŸã«ãã‚Œã¦ã‚„ã‚‹ï¼ï¼
ãƒ¼ã‚¸ãƒ¥ã‚¦ã‚¶ãƒ¼","Sure thing!
Juza of the Clouds' life is yours to command!!
ãƒ¼ Juza",Sure thing! Juza of the Clouds' life is yours to command!!,I will! The life of Juza of the Clouds is yours to command!!,"E sia!
La vita di Juza delle Nuvole ora apprartiene a te!
ãƒ¼ Juza",114,114,,,,
,,,Hyui,Hyui,ãƒ’ãƒ¥ãƒ¼ã‚¤,4,Character,å—æ–—è–æ‹³,Nanto Seiken,Nanto Seiken,ç¾©,,,âº,,1500,,,,"ãªã‚‰ã°ã€ã“ã®é¢¨ã‚‚å‹•ã‹ã­ã°ãªã‚‹ã¾ã„ï¼ï¼
â€•ãƒ’ãƒ¥ãƒ¼ã‚¤â€•","Now, the wind must move as well!!
ãƒ¼ Hyui","Now, the wind must move as well!!","Then, so too must the wind!","Allora Ã¨ bene che anche il vento cominci la propria marcia!
ãƒ¼ Hyui",110,110,,,,
â†‘UP,,,Shuren,Shuren,ã‚·ãƒ¥ãƒ¬ãƒ³,5,Character,å—æ–—è–æ‹³,Nanto Seiken,Nanto Seiken,ç¾©,,,ç¾©,,1800,ãƒ»æ”»æ’ƒä¸­ã€ã“ã®ã‚­ãƒ£ãƒ©ã‚¯ã‚¿ãƒ¼ã®ãƒ‘ãƒ¯ãƒ¼ã¯+200ã•ã‚Œã‚‹,"ãƒ» UP: While attacking, this character has +200 Power.","ãƒ» UP: Mentre attacca, questo personaggio ha +200 Power.","ã‚ãŒèº«ã«è§¦ã‚Œã‚‹ã‚‚ã®ã¯æ€’ã‚Šã®ç‚ã«åŒ…ã¾ã‚Œã‚‹ï¼ï¼
ãƒ¼ã‚·ãƒ¥ãƒ¬ãƒ³ãƒ¼","All who touch me will burst into flames of wrath!!
ãƒ¼ Shuren",All who touch me will burst into flames of wrath!!,Those who touch my body will be engulfed in flames of fury!,"Chi prova a toccarmi viene avvolto dalle fiamme dell'ira!!
ãƒ¼ Shuren",112,112,,,,
,,,Rihaku,Rihaku,ãƒªãƒã‚¯,6,Character,å—æ–—è–æ‹³,Nanto Seiken,Nanto Seiken,ç¾©,,âº,âº,â˜…â˜…,1500,"ãƒ»ã“ã®ã‚­ãƒ£ãƒ©ã‚¯ã‚¿ãƒ¼ã‚’ãƒãƒˆãƒ«ãƒ•ã‚£ãƒ¼ãƒ«ãƒ‰ã«å‡ºã—ãŸã¨ãã€
   ç›¸æ‰‹ã®å±±æœ­ã®ä¸Šã‹ã‚‰ã‚«ãƒ¼ãƒ‰ã‚’3æšã‚’è¦‹ã¦å¥½ããªé †ç•ªã§å…ƒã«æˆ»ã™ã€‚","ãƒ» When this character enters the battlefield, privately look at the top three cards of the opponentâ€™s deck, then put them back in any order.","ãƒ» Quando questo personaggio entra nel battlefield, guarda privatamente le prime tre carte del mazzo dell'avversario, poi rimettile a posto nell'ordine che preferisci.","æµ·ã®ãƒªãƒã‚¯ã‹ï¼
ä¸–ãŒä¸–ãªã‚‰ä¸‡ã®è»å‹¢ã‚’ç¸¦æ¨ªã«æ“ã‚‹å¤©æ‰è»å¸«ã‚ˆ
ãƒ¼ãƒ©ã‚ªã‚¦ãƒ¼","Rihaku of the Ocean!
In another time, you would have been a master tactician who commanded great armies!!
ãƒ¼ Raoh","Rihaku of the Ocean! In another time, you would have been a master tactician who commanded great armies!!","Rihaku of the Ocean! A master strategist! In a different world, you would have been the brilliant commander of a grand army!","Rihaku del mare!
Il geniale stratega che, in tempi differenti, avrebbe sicuramente guidato un esercito immenso!
ãƒ¼ Raoh",123,123,,,,
å°†,â†‘UP,,Kenshiro,Kenshiro,ã‚±ãƒ³ã‚·ãƒ­ã‚¦,7,Character,åŒ—æ–—ç¥æ‹³,Hokuto Shinken,Hokuto Shinken,ç¾©,âº,æ„›,ç¾©,â˜…â˜…â˜…,2500,"ãƒ»ã“ã®ã‚­ãƒ£ãƒ©ã‚¯ã‚¿ãƒ¼ãŒã€å¤§å°†ã€‘ã§ã‚ã‚‹é–“ã€ã“ã®ã‚­ãƒ£ãƒ©ã‚¯ã‚¿ãƒ¼ãŒæ”»æ’ƒã™ã‚‹ã¨ãã€
   æ”»æ’ƒä¸­ã€ã“ã®ã‚­ãƒ£ãƒ©ã‚¯ã‚¿ãƒ¼ã®ãƒ‘ãƒ¯ãƒ¼ã¯ãƒãƒˆãƒ«ãƒ•ã‚£ãƒ¼ãƒ«ãƒ‰ã«ã„ã‚‹å±æ€§ã€æ„›ã€ã®
   ã‚­ãƒ£ãƒ©ã‚¯ã‚¿ãƒ¼1ä½“ã«ã¤ãã€+200ã•ã‚Œã‚‹ã€‚","ãƒ» å°†-UP: While this character is the [General], it has +200 Power for each character with the ""æ„›"" (orange) attribute on the battlefield.","ãƒ» å°†-UP: FinchÃ© questo personaggio Ã¨ il [Generale], ha +200 Power per ogni personaggio con l'attributo ""æ„›"" (arancione) sul battlefield.","ç‹‚ãˆã‚‹æš´ç‹‚æ˜Ÿæ­»ã™ã¹ãæ™‚ã¯ããŸï¼ï¼
ãƒ¼ã‚±ãƒ³ã‚·ãƒ­ã‚¦ãƒ¼","The time has come for the violence star to die!!
ãƒ¼ Kenshiro","It's time for you to die, you mad tyrant!!",The time has come for the mad star of terror to fall!,"Ãˆ il momento che la folle stella della violenza cada!
ãƒ¼ Kenshiro",123,123,Kenshiro (Defender of Love),Kenshiro (Difensore dell'amore),,
,,,Juza,Juza,ã‚¸ãƒ¥ã‚¦ã‚¶,8,Character,å—æ–—è–æ‹³,Nanto Seiken,Nanto Seiken,ç¾©,âº,æ„›,ç¾©,â˜…,2300,"ãƒ»ã“ã®ã‚­ãƒ£ãƒ©ã‚¯ã‚¿ãƒ¼ãŒãƒãƒˆãƒ«ã—ãŸã¨ãã€ã“ã®ã‚­ãƒ£ãƒ©ã‚¯ã‚¿ãƒ¼ã‚’æ¨æœ­ã«ã—ã¦ã‚‚ã‚ˆã„ã€‚
   ãã†ã—ãŸå ´åˆã€ãƒãƒˆãƒ«ã—ãŸç›¸æ‰‹ã®ã‚­ãƒ£ãƒ©ã‚¯ã‚¿ãƒ¼ã‚’æ¨æœ­ã«ã™ã‚‹ã€‚","ãƒ» When this character participates in a battle, you may discard it and an opponent's character participating in the battle.","ãƒ» Quando questo personaggio partecipa a una battaglia, puoi scartarlo insieme a un personaggio dell'avversario che partecipa alla battaglia.","æˆ‘ãŒæ‹³ã¯æˆ‘æµ æˆ‘æµã¯ç„¡å‹ï¼ï¼
ç„¡å‹ã‚†ãˆã«ã ã‚Œã«ã‚‚èª­ã‚ã¬ï¼ï¼
ãƒ¼ã‚¸ãƒ¥ã‚¦ã‚¶ãƒ¼","My fist is self-taught, self-taught without forms!!
Having no forms means it's impossible to predict it!!
ãƒ¼ Juza","My fist's self-taught! It's got no forms!!
And that makes it unpredictable!","My fist is my own creation. And a self-taught fist is form-less!
And because it's formless, it can't be anticipated!","La mia Ã¨ una tecnica del tutto personale. E in quanto tale, Ã¨ libera da ogni forma prestabilita!
E proprio perchÃ© non ha forma, nessuno Ã¨ in grado di anticiparla!
ãƒ¼ Juza",114,114,Juza (Prepared to Die),Juza (Pronto alla morte),,
å°†,,,Kenshiro (Child),Kenshiro (Giovane),ã‚±ãƒ³ã‚·ãƒ­ã‚¦(å¹¼å°‘æ™‚ä»£),9,Character,åŒ—æ–—ç¥æ‹³,Hokuto Shinken,Hokuto Shinken,ç¾©,,,âº,â˜…,800,"ãƒ»ã“ã®ã‚­ãƒ£ãƒ©ã‚¯ã‚¿ãƒ¼ãŒ ã€å¤§å°†ã€‘ ã§ã‚ã‚‹é–“ã€
   è‡ªåˆ†ã®ã€ã‚±ãƒ³ã‚·ãƒ­ã‚¦ã€ ã¨åŒåã‚­ãƒ£ãƒ©ã‚¯ã‚¿ãƒ¼ã‚’ã€
   ã‚³ã‚¹ãƒˆã‚’æ”¯æ‰•ã‚ãšã«ãƒãƒˆãƒ«ãƒ•ã‚£ãƒ¼ãƒ«ãƒ‰ã«å‡ºã—ã¦ã‚‚ã‚ˆã„ã€‚
   ãã†ã—ãŸå ´åˆã€ã“ã®ã‚«ãƒ¼ãƒ‰ã‚’æ¨æœ­ã«ã™ã‚‹ã€‚","ãƒ» å°†: While this character is the [General], you may play a character named ""Kenshiro"" from your hand by discarding this card, without paying its cost.","ãƒ» å°†: FinchÃ© questo personaggio Ã¨ il [Generale], puoi giocare un personaggio di nome ""Kenshiro"" dalla tua mano scartando questa carta, senza pagarne il costo.","ã“ã®å°‘å¹´ã¯ã ã‚Œã‚ˆã‚Šã‚‚
å¼·ãæ¿€ã—ãå…‰ã‚‹å¯èƒ½æ€§ã‚’ç§˜ã‚ã¦ã„ã‚‹
ãƒ¼ã‚·ãƒ¥ã‚¦ãƒ¼","This boy has the potential to shine brighter than anyone else.
ãƒ¼ Shu",This boy has the potential to shine brighter than anyone else.,This boy may have the potential to shine brighter and more fiercely than anyone!,"In questo giovane sono celate delle potenzialitÃ 
che potranno brillare piÃ¹ forte e intensamente di chiunque altro
ãƒ¼ Shu",85,85,,,,
,,,Ryuken,Ryuken,ãƒªãƒ¥ã‚¦ã‚±ãƒ³,10,Character,åŒ—æ–—ç¥æ‹³,Hokuto Shinken,Hokuto Shinken,ç¾©,,âº,ç¾©,â˜…,2000,,,,"æ®ºã—ã¯ã›ã¬
ãã®æŒ™ã ã‘äºŒåº¦ã¨ä½¿ãˆã¬ã‚ˆã†ã«ã™ã‚‹ã ã‘ã 
ãƒ¼ãƒªãƒ¥ã‚¦ã‚±ãƒ³ãƒ¼","I shan't kill you...
But I shall prevent you from ever using those fists again...
ãƒ¼ Ryuken",I shan't kill you... But I shall prevent you from ever using those fists again...,But I won't kill you. I will only prevent you from ever using those fists again.,"Non ti ucciderÃ².
FarÃ² solo in modo che tu non possa mai piÃ¹ usare i tuoi pugni.
ãƒ¼ Ryuken ",69,69,,,,
ËŸâœŠ,,,Rizo,Rizo,ãƒªã‚¾,11,Character,å—æ–—è–æ‹³,Nanto Seiken,Nanto Seiken,ç¾©,,,,,1200,ãƒ»ã“ã®ã‚­ãƒ£ãƒ©ã‚¯ã‚¿ãƒ¼ã¯æ”»æ’ƒã™ã‚‹ã“ã¨ãŒã§ããªã„ã€‚,ãƒ» ËŸâœŠ: This character can't attack.,ãƒ» ËŸâœŠ: Questo personaggio non puÃ² attaccare.,"è–å¸æ§˜ï¼ï¼ ã›ã‚ã¦ ã›ã‚ã¦ã‚·ãƒ¥ã‚¦ã®å‚·ã«åŒ…å¸¯ã‚’ï¼ï¼
ãƒ¼ãƒªã‚¾ãƒ¼","Your Majesty!
At least let someone bandage Shew's wounds!
ãƒ¼ Rizo",Your Majesty! At least let Shew bandage his wounds!,Your Majesty! Allow me to at least dress his wounds!,"Mio signore!
M-mi permetta almeno di fasciargli le ferite!
ãƒ¼ Rizo",92,92,,,,
â†‘UP,,,Fudo,Fudo,ãƒ•ãƒ‰ã‚¦,12,Character,å—æ–—è–æ‹³,Nanto Seiken,Nanto Seiken,ç¾©,,âº,âº,,1400,"ãƒ»å±æ€§ã€é‚ªã€ã®ã‚­ãƒ£ãƒ©ã‚¯ã‚¿ãƒ¼ã‚’æ”»æ’ƒã™ã‚‹ã¨ãã€
   æ”»æ’ƒä¸­ã€ã“ã®ã‚­ãƒ£ãƒ©ã‚¯ã‚¿ãƒ¼ã®ãƒ‘ãƒ¯ãƒ¼ã¯+1000ã•ã‚Œã‚‹ã€‚","ãƒ» UP: While it is attacking a ""é‚ª"" (red) attribute character, this character has +1000 Power.","ãƒ» UP: Mentre attacca un personaggio con attributo ""é‚ª"" (rosso), questo personaggio ha +1000 Power.","ãã•ã¾ï½ã‚†ã‚‹ã•ã‚“ï¼
ãƒ¼ãƒ•ãƒ‰ã‚¥ãƒ¼","You'll pay for this!
ãƒ¼ Fudo",You'll pay for this!,You son of a ...!,"Maledettiii! La pagherete!
ãƒ¼ Fudo",111,111,,,,
,,,Toki,Toki,ãƒˆã‚­,13,Character,åŒ—æ–—ç¥æ‹³,Hokuto Shinken,Hokuto Shinken,æ„›,,âº,æ„›,â˜…,2000,"ãƒ»ã“ã®ã‚­ãƒ£ãƒ©ã‚¯ã‚¿ãƒ¼ãŒãƒãƒˆãƒ«ã—ãŸç›¸æ‰‹ã®ã‚­ãƒ£ãƒ©ã‚¯ã‚¿ãƒ¼ã¯
   å¿…ãšã€è¡Œå‹•å®Œäº†ã€çŠ¶æ…‹ã«ãªã‚‹ã€‚
ãƒ»ã“ã®ã‚­ãƒ£ãƒ©ã‚¯ã‚¿ãƒ¼ãŒãƒãƒˆãƒ«ã«å‹ã£ãŸå ´åˆ
   ãƒãƒˆãƒ«ã—ãŸç›¸æ‰‹ã®ã‚­ãƒ£ãƒ©ã‚¯ã‚¿ãƒ¼ã¯æ¨æœ­ã«ãªã‚‰ãšã€ãƒãƒˆãƒ«ãƒ•ã‚£ãƒ¼ãƒ«ãƒ‰ã«ã¨ã©ã¾ã‚‹ã€‚","ãƒ» Characters that battle this character become [Spent].
ãƒ» When this character wins a battle, do not discard the opponent's character.","ãƒ» I personaggi che combattono contro questo personaggio sono resi [Esausti].
ãƒ» Quando questo personaggio vince una battaglia, non scartare il personaggio dell'avversario.","ã¯ã’ã™ã¦ã‚‹ã‚‚ã®ã§ã¯ãªã„ï¼ï¼
ãƒ¼ãƒˆã‚­ãƒ¼","Life is not something to be thrown away!!
ãƒ¼ Toki",Life is not something to be thrown away!!,A life is not to be wasted!,"La vita non Ã¨ un qualcosa da gettare via in maniera sconsiderata!
ãƒ¼ Toki ",68,68,,,,
å°†,â†‘UP,,Shu,Shu,ã‚·ãƒ¥ã‚¦,14,Character,å—æ–—è–æ‹³,Nanto Seiken,Nanto Seiken,æ„›,,âº,æ„›,â˜…,2000,"ãƒ»ã“ã®ã‚­ãƒ£ãƒ©ã‚¯ã‚¿ãƒ¼ãŒã€å¤§å°†ã€‘ã§ã‚ã‚‹é–“ã€
   è‡ªåˆ†ã®æµæ´¾ã€ä¸€èˆ¬äººã€ã‚’æŒã¤ã‚­ãƒ£ãƒ©ã‚¯ã‚¿ãƒ¼ã®ãƒ‘ãƒ¯ãƒ¼ã¯+100ã•ã‚Œã‚‹ã€‚
ãƒ»ã“ã®ã‚­ãƒ£ãƒ©ã‚¯ã‚¿ãƒ¼ãŒã€èº«ä»£ã‚ã‚Šã€ã‚’è¡Œã£ãŸå ´åˆã€‚ 
   ãƒãƒˆãƒ«ä¸­ã®ã¿ã€ã“ã®ã‚­ãƒ£ãƒ©ã‚¯ã‚¿ãƒ¼ã®ãƒ‘ãƒ¯ãƒ¼ã¯+500ã•ã‚Œã‚‹ã€‚","ãƒ» å°†-UP: While this character is the [General], all your characters in the ""Commoner"" group on the battlefield have +100 Power.
ãƒ» UP: While [Intercept]ing an attack, this character has +500 Power.","ãƒ» å¤§å°†: FinchÃ© questo personaggio Ã¨ il [Generale], tutti i tuoi personaggi del gruppo ""Civile"" sul battlefield hanno +100 Power.
ãƒ» Mentre [Intercetta] un attacco, questo personaggio ha +500 Power.","ã“ã®å²©ã‚’ãŠã¾ãˆãŸã¡ã®å‘½ã¨æ€ãˆã°é‡ãã¯ãªã„
ãƒ¼ã‚·ãƒ¥ã‚¦ãƒ¼","If I think of this stone as your lives, it's not so heavy.
ãƒ¼ Shu",This stone isn't nearly as heavy to me as your lives!,This stone is not as heavy as your lives,"Il pensiero che da questa pietra dipendono le vostre vite la rende leggera.
ãƒ¼ Shu",92,92,,,,
â†‘UP,,,Fudo,Fudo,ãƒ•ãƒ‰ã‚¦,15,Character,å—æ–—è–æ‹³,Nanto Seiken,Nanto Seiken,æ„›,âº,âº,æ„›,â˜…â˜…,2000,"ãƒ»ãƒãƒˆãƒ«ãƒ•ã‚£ãƒ¼ãƒ«ãƒ‰ã«ã„ã‚‹ç›¸æ‰‹ã®ã‚­ãƒ£ãƒ©ã‚¯ã‚¿ãƒ¼ãŒè‡ªåˆ†ã®ã‚­ãƒ£ãƒ©ã‚¯ã‚¿ãƒ¼ã‚ˆã‚Šå¤šã„å ´åˆã€
   ã“ã®ã‚­ãƒ£ãƒ©ã‚¯ã‚¿ãƒ¼ã®ãƒ‘ãƒ¯ãƒ¼ã¯+1000ã•ã‚Œã‚‹ã€‚","ãƒ» UP: If your opponent has more characters on the battlefield than you, this character has +1000 Power.","ãƒ» Se il tuo avversario ha piÃ¹ personaggi sul battlefield di te, questo personaggio ha +1000 Power","ã“ã®ãƒ•ãƒ‰ã‚¦ã€
æ±šã‚Œãªãå‘½ã®ãŸã‚ã«é¬¼ç¥ã¨ãªã£ã¦æˆ¦ãŠã†ï¼ï¼
ãƒ¼ãƒ•ãƒ‰ã‚¦ãƒ¼","I, Fudo,
will become a demon once more to protect these innocent lives!!
ãƒ¼ Fudo","I, Fudo, will become a demon once more to protect these innocent lives!!",I must fight as the devil once again to protect the innocent!,"Io, Fudo,
ritornerÃ² ad essere un demonio e combatterÃ² per proteggere delle vite innocenti!
ãƒ¼ Fudo",127,127,Fudo (Demon Return),Fudo (Demonio ritornato),,
,,,Shiba,Shiba,ã‚·ãƒ ,16,Character,ä¸€èˆ¬äºº,Commoner,Civile,æ„›,,,âº,â˜…â˜…,500,"ãƒ»ã“ã®ã‚­ãƒ£ãƒ©ã‚¯ã‚¿ãƒ¼ãŒãƒãƒˆãƒ«ãƒ•ã‚£ãƒ¼ãƒ«ãƒ‰ã‹ã‚‰æ¨æœ­ã«ç½®ã‹ã‚Œã‚‹ã¨ãã€
   ç›¸æ‰‹ã®ãƒ‘ãƒ¯ãƒ¼1000ä»¥ä¸‹ã®ã‚­ãƒ£ãƒ©ã‚¯ã‚¿ãƒ¼1ä½“ã‚’ ã€è¡Œå‹•å®Œäº†ã€çŠ¶æ…‹ã«ã—ã¦ã‚‚ã‚ˆã„ã€‚","ãƒ» When this character is discarded from the battlefield, you may choose an opponent's character with Power <=1000 and make it [Spent].",".ãƒ» Quando questo personaggio viene scartato dal battlefield, puoi scegliere un personaggio dell'avversario con Power <=1000 e renderlo [Esausto].","ã‚ãŸã—ãŒãŠã¨ã‚Šã«ãªã‚Šã¾ã™
ãƒ¼ãƒ³ãƒãƒ¼","I'm going to distract them.
ãƒ¼ Shiba",I'm going to distract them.,I'll draw their attention.,"FarÃ² da esca.
ãƒ¼ Shiba ",88,88,,,,
ËŸâœŠ,,,Lin,Lin,ãƒªãƒ³,17,Character,ä¸€èˆ¬äºº,Commoner,Civile,æ„›,,,,,300,"ãƒ»ã“ã®ã‚­ãƒ£ãƒ©ã‚¯ã‚¿ãƒ¼ã‚’ãƒãƒˆãƒ«ãƒ•ã‚£ãƒ¼ãƒ«ãƒ‰ã«å‡ºã—ãŸã¨ãã€
   è‡ªåˆ†ã®å±±æœ­ã‹ã‚‰ã‚«ãƒ¼ãƒ‰ã‚’1æšå¼•ãã€‚
ãƒ»ã“ã®ã‚­ãƒ£ãƒ©ã‚¯ã‚¿ãƒ¼ã¯æ”»æ’ƒã™ã‚‹ã“ã¨ãŒã§ããªã„ã€‚","ãƒ» When this character enters the battlefield, draw 1 card from your deck.
ãƒ» ËŸâœŠ: This character can't attack.","ãƒ» Quando questo personaggio entra nel battlefield, pesca 1 carta dal tuo mazzo.
ãƒ» ËŸâœŠ: Questo personaggio non puÃ² attaccare.","ã‚ãªãŸãŸã¡ã®ã‚ˆã†ãªæ‚ªé­”ã«ã¯çµ¶å¯¾ã«å¾“ã„ã¾ã›ã‚“
ãƒ¼ãƒªãƒ³ãƒ¼","I could never pledge my allegiance to demons like you!
ãƒ¼ Lin",I could never pledge my allegiance to demons like you!,I will not pledge my allegiance to monsters like you!,"Non ubbidirÃ² mai a dei demoni come voi!
ãƒ¼ Lin ",63,63,,,,
,,,Mamiya,Mamiya,ãƒãƒŸãƒ¤,18,Character,ä¸€èˆ¬äºº,Commoner,Civile,æ„›,,,âº,,1500,,,,"å¥³ã ã¨æ€ã£ã¦ã‚ã¾ãã¿ãŸã®ãŒ ã‚ãªãŸã®ä¸é‹ã ã£ãŸã‚ã­
ãƒ¼ãƒãƒŸãƒ¤ãƒ¼","It's what you get for not taking a woman seriously.
ãƒ¼ Mamiya",It's misfortunate that you didn't take a woman seriously.,It's what you get for not taking a woman seriously.,"Il tuo errore Ã¨ stato quello di sottovalutarmi solo perchÃ© sono una donna.
ãƒ¼ Mamiya ",33,33,,,,
ËŸâœŠ,,,Airi,Airi,ã‚¢ã‚¤ãƒª,19,Character,ä¸€èˆ¬äºº,Commoner,Civile,æ„›,,,,,300,"ãƒ»ã“ã®ã‚­ãƒ£ãƒ©ã‚¯ã‚¿ãƒ¼ã‚’ãƒãƒˆãƒ«ãƒ•ã‚£ãƒ¼ãƒ«ãƒ‰ã«å‡ºã—ãŸã¨ãã€
   è‡ªåˆ†ã®æ¨æœ­ã‹ã‚‰ã€ã‚¤ãƒ™ãƒ³ãƒˆã‚«ãƒ¼ãƒ‰ã€ã‚’1æšé¸ã³ã€è‡ªåˆ†ã®æ‰‹æœ­ã«æˆ»ã—ã¦ã‚‚ã‚ˆã„ã€‚
ãƒ»ã“ã®ã‚­ãƒ£ãƒ©ã‚¯ã‚¿ãƒ¼ã¯æ”»æ’ƒã™ã‚‹ã“ã¨ãŒã§ããªã„ã€‚","ãƒ» When this character enters the battlefield, return an [Event] card from the discard pile to your hand.
ãƒ» ËŸâœŠ: This character can't attack.","ãƒ» Quando questo personaggio entra nel battlefield, riprendi in mano una carta [Event] dagli scarti.
ãƒ» ËŸâœŠ: Questo personaggio non puÃ² attaccare.","ã‚ãŸã—ã¯æˆ¦ã†ï¼ï¼ã‚‚ã†é€ƒã’ãŸã‚Šã—ãªã„
ãƒ¼ã‚¢ã‚¤ãƒªãƒ¼","I will fight!! I'm not running anymore!
ãƒ¼ Airi",I will fight!! I'm not running anymore!,I'm going to fight! I won't hide anymore!,"Io combatterÃ²! Non scapperÃ² mai piÃ¹!
ãƒ¼ Airi ",64,64,,,,
,,,Toh,Toh,ãƒˆã‚¦,20,Character,ä¸€èˆ¬äºº,Commoner,Civile,æ„›,,âº,æ„›,,800,"ãƒ»ã“ã®ã‚­ãƒ£ãƒ©ã‚¯ã‚¿ãƒ¼ã‚’ãƒãƒˆãƒ«ãƒ•ã‚£ãƒ¼ãƒ«ãƒ‰ã«å‡ºã—ãŸã¨ãã€è‡ªåˆ†ã®å±±æœ­ã‚’è¦‹ã‚‹ã€‚
   ãã—ã¦å±±æœ­ã‹ã‚‰ã‚«ãƒ¼ãƒ‰ã‚’1æšé¸ã³ã€è‡ªåˆ†ã®æ‰‹æœ­ã«åŠ ãˆã¦ã‚‚ã‚ˆã„ã€‚
   ãã®å¾Œã€å±±æœ­ã‚’ã‚·ãƒ£ãƒƒãƒ•ãƒ«ã™ã‚‹ã€‚","ãƒ» When this character enters the battlefield, choose a card from your deck and put it in your hand. Then shuffle the deck.","ãƒ» Quando questo personaggio entra nel battlefield, scegli una carta dal tuo mazzo e aggiungila alla tua mano. Poi mescola il mazzo.","ï½¥ï½¥ï½¥æƒ³ã„ãŒå±Šã‹ã¬ã‚ãŸã—ã«ã¯ã“ã†ã™ã‚‹ã—ã‹ï½¥ï½¥ï½¥
ãƒ¼ãƒˆã‚¦ãƒ¼","...If you can't accept my love, this is all that's left for me...
ãƒ¼ Toh","...If you can't accept my love, this is all that's left for me...","If I cannot make you mine, this is all that's left for me to do...","... se non puoi accettare il mio amore, non mi resta altra scelta ...
ãƒ¼ Toh",122,122,,,,
,,,Yuria,Yuria,ãƒ¦ãƒªã‚¢,21,Character,ä¸€èˆ¬äºº,Commoner,Civile,æ„›,,âº,âº,,800,"ãƒ»ã“ã®ã‚­ãƒ£ãƒ©ã‚¯ã‚¿ãƒ¼ã‚’ãƒãƒˆãƒ«ãƒ•ã‚£ãƒ¼ãƒ«ãƒ‰ã«å‡ºã—ãŸã¨ãã€è‡ªåˆ†ã®å±±æœ­ã‚’è¦‹ã‚‹ã€‚
   ãã—ã¦å±±æœ­ã‹ã‚‰ã€ã‚­ãƒ£ãƒ©ã‚¯ã‚¿ãƒ¼ã‚«ãƒ¼ãƒ‰ã€ã‚’1æšé¸ã³ã€
   ç›¸æ‰‹ã«è¦‹ã›ãŸå¾Œã€è‡ªåˆ†ã®æ‰‹æœ­ã«åŠ ãˆã¦ã‚‚ã‚ˆã„ã€‚
   ãã®å¾Œã€å±±æœ­ã‚’ã‚·ãƒ£ãƒƒãƒ•ãƒ«ã™ã‚‹ã€‚","ãƒ» When this character enters the battlefield, choose a [Character] card from your deck, reveal it to the opponent, and put it in your hand. Then shuffle the deck.","ãƒ» Quando questo personaggio entra nel battlefield, scegli una carta [Character] dal tuo mazzo, rivelala all'avversario e aggiungila alla tua mano. Poi mescola il mazzo.","ã¾ã æˆ¦ãŠã†ã¨ã„ã†ã®ã§ã™ã‹ ã‚‚ã†å‹è² ã¯ã¤ã„ãŸã¯ãš
ãƒ¼ãƒ¦ãƒªã‚¢ãƒ¼","Are you still going to fight him? You've settled your score already.
ãƒ¼ Yuria",Are you still going to fight him? You've settled your score already.,Do you still intend to fight Ken? Hasn't it been settled?,"Intendi ancora combattere? Eppure il vostro duello ha giÃ  un vincitore.
ãƒ¼ Yuria",126,126,,,,
â†‘UP,,,Rei,Rei,ãƒ¬ã‚¤,22,Character,å—æ–—è–æ‹³,Nanto Seiken,Nanto Seiken,æ„›,âº,æ„›,ç¾©,â˜…â˜…â˜…,2400,"ãƒ»ã“ã®ã‚­ãƒ£ãƒ©ã‚¯ã‚¿ãƒ¼ãŒã€å¤§å°†ã€‘ã‚’æ”»æ’ƒã™ã‚‹ã¨ãã€
   æ”»æ’ƒä¸­ã€ã“ã®ã‚­ãƒ£ãƒ©ã‚¯ã‚¿ãƒ¼ã®ãƒ‘ãƒ¯ãƒ¼ã¯+400ã•ã‚Œã‚‹ã€‚
ãƒ»ã“ã®ã‚­ãƒ£ãƒ©ã‚¯ã‚¿ãƒ¼ã¯ã€ç›¸æ‰‹ã®ã€å¤§å°†ã€‘ã‚’æ”»æ’ƒã—ã¦ã€
   ç›¸æ‰‹ã® ã€å¤§å°†ã€‘ ã‚’æ¨æœ­ã«ã—ãŸå ´åˆã€æ”»æ’ƒçµ‚äº†å¾Œã«æ¨æœ­ã«ã™ã‚‹ã€‚","ãƒ» UP: When this character attacks a [General], it has +400 Power for that battle.
ãƒ» Discard this character if it attacked a [General] and made it go to the discard pile.","ãƒ» UP: Quando questo personaggio attacca un [Generale], ha +400 Power per quella battaglia.
ãƒ» Scarta questo personaggio se ha attaccato un [Generale] e lo ha fatto finire negli scarti.","ãƒ•ãƒ•ï½¥ï½¥ï½¥ï½¥ï½¥ï½¥ã‚ã¾ã‚Šã®è‹¦ç—›ã«ç™½é«ªã¨åŒ–ã—ãŸã‹ï¼ï¼
ãƒ¼ãƒ¦ãƒ€ãƒ¼","Hehe... all that suffering has turned your hair white!
ãƒ¼ Yuda",Hehe... all that suffering has turned your hair white!,Heh heh... did all that pain turn your hair white?,"Uhuhuh... il dolore Ã¨ cosÃ¬ tremendo che i capelli ti si sono sbiancati?!
ãƒ¼ Yuda ",79,79,Rei (Shinreidai),Rei (Shinreidai),,
å°†,,,Souther (Child),Souther (Giovane),ã‚µã‚¦ã‚¶ãƒ¼(å¹¼å°‘æ™‚ä»£),23,Character,å—æ–—è–æ‹³,Nanto Seiken,Nanto Seiken,æ„›,,,æ„›,â˜…,800,"ãƒ»ã“ã®ã‚­ãƒ£ãƒ©ã‚¯ã‚¿ãƒ¼ãŒã€å¤§å°†ã€‘ã§ã‚ã‚‹é–“ã€
   è‡ªåˆ†ã®ã€ã‚µã‚¦ã‚¶ãƒ¼ã€ã¨åŒåã‚­ãƒ£ãƒ©ã‚¯ã‚¿ãƒ¼ã‚’ã€
   ã‚³ã‚¹ãƒˆã‚’æ”¯æ‰•ã‚ãšã«ãƒãƒˆãƒ«ãƒ•ã‚£ãƒ¼ãƒ«ãƒ‰ã«å‡ºã—ã¦ã‚‚ã‚ˆã„ã€‚
   ãã†ã—ãŸå ´åˆã€ã“ã®ã‚«ãƒ¼ãƒ‰ã‚’æ¨æœ­ã«ã™ã‚‹ã€‚","ãƒ» å°†: While this character is the [General], you may play a character named ""Souther"" from your hand by discarding this card, without paying its cost.","ãƒ» å°†: Mentre questo personaggio Ã¨ il [Generale], puoi giocare un personaggio di nome ""Souther"" dalla tua mano scartando questa carta, senza pagarne il costo.","ãŠå¸«ã•ã‚“!!
ãƒ¼ã‚µã‚¦ã‚¶ãƒ¼ãƒ¼","Master!!
ãƒ¼ Souther",Master!,Master!,"Maestro!
ãƒ¼ Souther",94,94,,,,
å°†,,,Toki (Child),Toki (Giovane),ãƒˆã‚­(å¹¼å°‘æ™‚ä»£),24,Character,åŒ—æ–—ç¥æ‹³,Hokuto Shinken,Hokuto Shinken,æ„›,,,âº,â˜…,700,"ãƒ»ã“ã®ã‚­ãƒ£ãƒ©ã‚¯ã‚¿ãƒ¼ãŒ ã€å¤§å°†ã€‘ã§ã‚ã‚‹é–“ã€è‡ªåˆ†ã®ã€ãƒˆã‚­ã€ã¨åŒåã‚­ãƒ£ãƒ©ã‚¯ã‚¿ãƒ¼ã‚’ã€
   ã‚³ã‚¹ãƒˆã‚’æ”¯æ‰•ã‚ãšã«ãƒãƒˆãƒ«ãƒ•ã‚£ãƒ¼ãƒ«ãƒ‰ã«å‡ºã—ã¦ã‚‚ã‚ˆã„ã€‚
   ãã†ã—ãŸå ´åˆã€ã“ã®ã‚«ãƒ¼ãƒ‰ã‚’æ¨æœ­ã«ã™ã‚‹ã€‚","ãƒ» å°†: While this character is the [General], you may play a character named ""Toki"" from your hand by discarding this card, without paying its cost.","ãƒ» å°†: Mentre questo personaggio Ã¨ il [Generale], puoi giocare un personaggio di nome ""Toki"" dalla tua mano scartando questa carta, senza pagarne il costo.","å…„ã¡ã‚ƒã‚“ã‚’è¶…ãˆãŸã„ã‹ã‚‰!!
ãƒ¼ãƒˆã‚­ãƒ¼","I want to surpass my brother!!
ãƒ¼ Toki",Because I want to overcome you!!,I want to be stronger than you!,"PerchÃ© voglio superarti, fratello!
ãƒ¼ Toki",101,101,,,,
â†‘UP,,,Ohgai,Ohgai,ã‚ªã‚¦ã‚¬ã‚¤,25,Character,å—æ–—è–æ‹³,Nanto Seiken,Nanto Seiken,æ„›,,âº,æ„›,,1800,"ãƒ»ã“ã®ã‚­ãƒ£ãƒ©ã‚¯ã‚¿ãƒ¼ãŒã€èº«ä»£ã‚ã‚Šã€ã‚’è¡Œã£ãŸå ´åˆã€
   ãƒãƒˆãƒ«ä¸­ã®ã¿ã€ã“ã®ã‚­ãƒ£ãƒ©ã‚¯ã‚¿ãƒ¼ã®ãƒ‘ãƒ¯ãƒ¼ã¯+400ã•ã‚Œã‚‹ã€‚","ãƒ» UP: While [Intercept]ing an attack, this character has +400 Power.","ãƒ» UP: Mentre [Intercetta] un attacco, questo personaggio ha +400 Power.","ä¼æ‰¿è€…ãŒæ–°ãŸãªã‚‹ä¼æ‰¿è€…ã«
å€’ã•ã‚Œã¦ã„ãã®ã‚‚ã‚ã‚Œã‚‰ãŒå®¿å‘½ï¼
ãƒ¼ã‚ªã‚¦ã‚¬ã‚¤ãƒ¼","...it's the destiny of each successor
to be defeated by the next successor!
ãƒ¼ Ohgai",...it's the destiny of each successor to be defeated by the next successor!,It is our fate that our lives end at the hands of our successors.,"Il destino di noi maestri Ã¨ quello di venire sconfitti da chi ci succederÃ 
ãƒ¼ Ohgai",94,94,,,,
,,,Juza,Juza,ã‚¸ãƒ¥ã‚¦ã‚¶,26,Character,å—æ–—è–æ‹³,Nanto Seiken,Nanto Seiken,æµ,âº,æ„›,æµ,â˜…â˜…â˜…,2500,"ãƒ»ã“ã®ã‚­ãƒ£ãƒ©ã‚¯ã‚¿ãƒ¼ã¯ã€è‡ªåˆ†ã®ã‚¢ã‚¿ãƒƒã‚¯ãƒ•ã‚§ã‚¤ã‚ºçµ‚äº†æ™‚ã«ã€å›å¾©ã€ã—ã¦ã‚‚ã‚ˆã„ã€‚
ãƒ»è‡ªåˆ†ã®ä»–ã®ã‚­ãƒ£ãƒ©ã‚¯ã‚¿ãƒ¼ã‚’ãƒãƒˆãƒ«ãƒ•ã‚£ãƒ¼ãƒ«ãƒ‰ã«å‡ºã—ãŸã¨ãã€
   ã“ã®ã‚­ãƒ£ãƒ©ã‚¯ã‚¿ãƒ¼ã‚’è‡ªåˆ†ã®æ‰‹æœ­ã«æˆ»ã™ã€‚","ãƒ» At the end your attack phase, you may make this character [Ready].
ãƒ» When you put another character on the battlefield, return this character to your hand.","ãƒ» Alla fine della tua fase di attacco, puoi rendere questo personaggio [Pronto].
ãƒ» Quando metti un altro personaggio sul battlefield, riprendi questo personaggio dalla tua mano.","ãŠã‚Œã¯ã‚ã®é›²ã®æ§˜ã«è‡ªç”±ãã¾ã¾ã«ç”Ÿãã‚‹
ãƒ¼ã‚¸ãƒ¥ã‚¦ã‚¶ãƒ¼","I live a free life, just like those clouds.
ãƒ¼ Juza","I live a free life, just like those clouds.",I'm like those clouds. I live free.,"Io vivo la mia esistenza in piena libertÃ ... proprio come quelle nuvole.
ãƒ¼ Juza",113,113,,,,
â†‘UP,,,Raiga,Raiga,ãƒ©ã‚¤ã‚¬,27,Character,ç„¡,None,Nessuno,æµ,,âº,âº,,1500,"ãƒ»ãƒãƒˆãƒ«ãƒ•ã‚£ãƒ¼ãƒ«ãƒ‰ã«è‡ªåˆ†ã®ã€ãƒ•ã‚¦ã‚¬ã€ãŒã„ã‚Œã°ã€
   ã“ã®ã‚­ãƒ£ãƒ©ã‚¯ã‚¿ãƒ¼ã®ãƒ‘ãƒ¯ãƒ¼ã¯+600ã•ã‚Œã‚‹ã€‚","ãƒ» UP: While you have a character named ""Fuga"" on the battlefield, this character has +600 Power.","ãƒ» UP: FinchÃ© hai un personaggio di nome ""Fuga"" sul battlefield, questo personaggio ha +600 Power.","ã“ã®é–€ã‚’ã‚ã‘ã‚ˆã†ã¨ã™ã‚è€…ã«ã¯ï½¥ï½¥ï½¥æ­»ã‚ã‚‹ã®ã¿!!
ãƒ¼ãƒ©ã‚¤ã‚¬ãƒ»ãƒ•ã‚¬ãƒ¼","Those who attempt to open the gate ... find only death!!
ãƒ¼ Raiga & Fuga",Those who attempt to open the gate ... find only death!!,For all who try to open this gates ... only death awaits!,"Sappi che chiunque tenti di aprire questo portone ... Ã¨ condannato a morire!
ãƒ¼ Raiga e Fuga ",54,54,,,,
â†‘UP,,,Fuga,Fuga,ãƒ•ã‚¦ã‚¬,28,Character,ç„¡,None,Nessuno,æµ,,âº,âº,,1500,"ãƒ»ãƒãƒˆãƒ«ãƒ•ã‚£ãƒ¼ãƒ«ãƒ‰ã«è‡ªåˆ†ã®ã€ãƒ©ã‚¤ã‚¬ã€ ãŒã„ã‚Œã°ã€
   ã“ã®ã‚­ãƒ£ãƒ©ã‚¯ã‚¿ãƒ¼ã®ãƒ‘ãƒ¯ãƒ¼ã¯+600ã•ã‚Œã‚‹ã€‚","ãƒ» UP: While you have a character named ""Raiga"" on the battlefield, this character has +600 Power.","ãƒ» UP: FinchÃ© hai un personaggio di nome ""Raiga"" sul battlefield, questo personaggio ha +600 Power.","å…ˆã«åœ°ç„ã§ã¾ã£ã¦ã„ã‚‹!!
ãŠã‚ŒãŸã¡ã‚‚ã˜ãã«ã‚†ã!!
ãƒ¼ãƒ©ã‚¤ã‚¬ãƒ»ãƒ•ã‚¦ã‚¬ãƒ¼","Go forth and wait for us in hell!
We'll join you soon enough!!
ãƒ¼ Raiga & Fuga","Go forth and wait for us in hell!
We'll join you soon enough!!","Wait for us in hell!
We'll be there soon!","Aspettaci all'inferno!
Presto ti raggiungeremo!
ãƒ¼ Raiga e Fuga ",55,55,,,,
ğŸ—²,,,Ryuga,Ryuga,ãƒªãƒ¥ã‚¦ã‚¬,29,Character,æ³°å±±æµ,Taizan Ryu,Taizan Ryu,æµ,âº,âº,æµ,â˜…,2000,"ãƒ»ã“ã®ã‚­ãƒ£ãƒ©ã‚¯ã‚¿ãƒ¼ãŒæ”»æ’ƒã™ã‚‹ã¨ãã€
   ç›¸æ‰‹ãŒãƒ‘ãƒ¯ãƒ¼800ä»¥ä¸‹ã®ã‚­ãƒ£ãƒ©ã‚¯ã‚¿ãƒ¼ã§ã€èº«ä»£ã‚ã‚Šã€ã‚’è¡Œã£ãŸå ´åˆã€
   ãã®ã‚­ãƒ£ãƒ©ã‚¯ã‚¿ãƒ¼ã¨ã¯ãƒãƒˆãƒ«ã›ãšã«æ”»æ’ƒå¯¾è±¡ã¨ãƒãƒˆãƒ«ã™ã‚‹ã€‚
ãƒ»ã“ã®ã‚­ãƒ£ãƒ©ã‚¯ã‚¿ãƒ¼ãŒæ”»æ’ƒã—ãŸå ´åˆã€
   ã‚¿ãƒ¼ãƒ³ã®çµ‚äº†æ™‚ã«ã€ã“ã®ã‚­ãƒ£ãƒ©ã‚¯ã‚¿ãƒ¼ã‚’æ¨æœ­ã«ã™ã‚‹ã€‚","ãƒ» ğŸ—²: When this character attacks another character, if [Intercept]ed by a character with Power <= 800, fight the original target.
ãƒ» If this character attacks, discard it at the end of the turn.","ãƒ» ğŸ—²: Quando questo personaggio attacca un altro personaggio, se [Intercettato] da un personaggio con Power <= 800, combatti contro il bersaglio originale.
ãƒ» Se questo personaggio attacca, scartalo alla fine del turno.","ã‚ãˆã¦æ™‚ä»£ã®ãŸã‚ã«é­”ç‹¼ã®æ‚ªåã‚’ã‹ã¶ã‚ã†!!
ãƒ¼ãƒªãƒ¥ã‚¦ã‚¬ãƒ¼","I'll be known as a rabid wolf, for the sake of the next age!!
ãƒ¼ Ryuga","I'll accept infamy, for the sake of the next age!!",I will become the rabid wolf these times call for!,"Per il futuro del mondo, non esito a macchiarmi dell'infamia di essere un lupo demoniaco!
ãƒ¼ Ryuga",108,108,,,,
,,,Bat,Bat,ãƒãƒƒãƒˆ,30,Character,ä¸€èˆ¬äºº,Commoner,Civile,æµ,,,âº,,600,"ãƒ»ã“ã®ã‚­ãƒ£ãƒ©ã‚¯ã‚¿ãƒ¼ã‚’ãƒãƒˆãƒ«ãƒ•ã‚£ãƒ¼ãƒ«ãƒ‰ã«å‡ºã—ãŸã¨ãã€
   è‡ªåˆ†ã®ã€å¤§å°†ãƒãƒ¼ã‚«ãƒ¼ã€ã‚’åˆ¥ã®è‡ªåˆ†ã®ã‚­ãƒ£ãƒ©ã‚¯ã‚¿ãƒ¼ã«ã¤ã‘ã‹ãˆã¦ã‚‚ã‚ˆã„ã€‚
   è‡ªåˆ†ã®ã€å¤§å°†ã€‘ ãŒã„ãªã„å ´åˆã«ã¯
   ã€å¤§å°†ãƒãƒ¼ã‚«ãƒ¼ã€ã‚’ã¤ã‘ã‹ãˆã‚‹ã“ã¨ã¯ã§ããªã„ã€‚","ãƒ» When this character enters the battlefield, if you have a [General], you may choose a new [General].","ãƒ» Quando questo personaggio entra nel battlefield, se hai un [Generale], puoi scegliere un nuovo [Generale].","ã¾ã„ã„ã‹ ã‚ã„ã¤ã«ã¤ã„ã¦ã„ãã‚ƒ
é£Ÿã„ã£ã±ãã‚Œã¯ã‚ã‚‹ã¾ã„
ãƒ¼ãƒãƒƒãƒˆãƒ¼","Oh well.
I'm sure I won't go hungry if I tag along!
ãƒ¼ Bat",Oh well. I'm sure I won't go hungry if I tag along!,"Oh well. If I stick with him, I'll never go hungry.","Fa nulla. Mi basterÃ  stare con lui
ed il cibo non mi mancherÃ  di certo!
ãƒ¼  Bat",1,1,,,,
ËŸğŸ´,,,Misumi,Misumi,ãƒŸã‚¹ãƒŸ,31,Character,ä¸€èˆ¬äºº,Commoner,Civile,æµ,,,,â˜…,400,"ãƒ»ã“ã®ã‚­ãƒ£ãƒ©ã‚¯ã‚¿ãƒ¼ãŒãƒãƒˆãƒ«ãƒ•ã‚£ãƒ¼ãƒ«ãƒ‰ã‹ã‚‰æ¨æœ­ã«ç½®ã‹ã‚Œã‚‹ã¨ãã€
   è‡ªåˆ†ã®ã‚­ãƒ£ãƒ©ã‚¯ã‚¿ãƒ¼1ä½“ã‚’ã€å›å¾©ã€ã™ã‚‹ã€‚
ãƒ»ã“ã®ã‚­ãƒ£ãƒ©ã‚¯ã‚¿ãƒ¼ã¯å±±æœ­ã‚’æ”»æ’ƒã™ã‚‹ã“ã¨ãŒã§ããªã„ã€‚","ãƒ» When this character is discarded from the battlefield, make one of your characters [Ready].
ãƒ» ËŸğŸ´: This character can't attack the deck.","ãƒ» Quando questo personaggio viene scartato dal battlefield, rendi [Pronto] uno dei tuoi personaggi.
ãƒ» ËŸğŸ´: Questo personaggio non puÃ² attaccare il mazzo.","ãŠãŠã€œã€œã€œã„ç¨®ãƒ¢ãƒŸã˜ã‚ƒã€œã€œç¨®ãƒ¢ãƒŸã—ã‚ƒã€œã€œ
ãƒ¼ãƒŸã‚¹ãƒŸãƒ¼","Hey, I'm back!!! With seeds! I've got seeds!!
ãƒ¼ Misumi","Hey, I'm back!!! With seeds! I've got seeds!!",Hey! Seeds! Seeds!,"Ehi, sono tornato!! E ho portato con me i semi! I semi di risooo!
ãƒ¼ Misumi ",2,2,,,,
ËŸğŸ´,,,Toyo,Toyo,ãƒˆãƒ¨,32,Character,ä¸€èˆ¬äºº,Commoner,Civile,æµ,,,,,400,"ãƒ»ã“ã®ã‚­ãƒ£ãƒ©ã‚¯ã‚¿ãƒ¼ãŒãƒãƒˆãƒ«ãƒ•ã‚£ãƒ¼ãƒ«ãƒ‰ã‹ã‚‰æ¨æœ­ã«ç½®ã‹ã‚Œã‚‹ã¨ãã€
   ãƒ‘ãƒ¯ãƒ¼1000ä»¥ä¸‹ã®ã‚­ãƒ£ãƒ©ã‚¯ã‚¿ãƒ¼1ä½“ã‚’æŒã¡ä¸»ã®æ‰‹æœ­ã«æˆ»ã—ã¦ã‚‚ã‚ˆã„ã€‚
ãƒ»ã“ã®ã‚­ãƒ£ãƒ©ã‚¯ã‚¿ãƒ¼ã¯å±±æœ­ã‚’æ”»æ’ƒã™ã‚‹ã“ã¨ãŒã§ããªã„ã€‚","ãƒ» When this character is discarded from the battlefield, you may return a character with Power <= 1000 to its owner's hand.
ãƒ» ËŸğŸ´: This character can't attack the deck.","ãƒ» Quando questo personaggio viene scartato dal battlefield, puoi far tornare un personaggio con Power <= 1000 in mano al suo proprietario.
ãƒ» ËŸğŸ´: Questo personaggio non puÃ² attaccare il mazzo.","ãƒã‚¤ã‚¨ãƒŠã©ã‚‚ ã‚‚ã†æ°´ã®åŒ‚ã„ã‚’ã‹ãã¤ã‘ã¦ããŸã‹
â€•ãƒˆãƒ¨â€•","Damn hyenas! They've already sniffed us out!
ãƒ¼ Toyo",Damn hyenas! They've already sniffed us out!,Damn hyenas! They've already picked up the scent of water!,"Maledetti sciacalli! Hanno giÃ  fiutato l'acqua!
ãƒ¼ Toyo ",19,19,,,,
ËŸâœŠ,,,Non-resistance Village Chief,Capovillaggio non-violento,ç„¡æŠµæŠ—ä¸»ç¾©ã®æ‘é•·,33,Character,ä¸€èˆ¬äºº,Commoner,Civile,æµ,,,æµ,â˜…â˜…,500,"ãƒ»ã“ã®ã‚­ãƒ£ãƒ©ã‚¯ã‚¿ãƒ¼ãŒãƒãƒˆãƒ«ãƒ•ã‚£ãƒ¼ãƒ«ãƒ‰ã«ã„ã‚‹é–“ã€
   æµæ´¾ã€ä¸€èˆ¬äººã€ã‚’æŒã¤å…¨ã¦ã®ã‚­ãƒ£ãƒ©ã‚¯ã‚¿ãƒ¼ã¯æ”»æ’ƒã™ã‚‹ã“ã¨ãŒã§ããªã„ã€‚","ãƒ» ËŸâœŠ: While this character is on the battlefield, all characters in the ""Commoner"" group can't attack.","ãƒ» ËŸâœŠ: FinchÃ© questo personaggio Ã¨ sul battlefield, tutti i personaggi del gruppo ""Civile"" non possono attaccare.","ç„¡æŠµæŠ—ã¯ã‚ã‚Œã‚ã‚Œå¼±è€…ã®
è‡ªåˆ†ã‚’å®ˆã‚‹ã¹ãå”¯ä¸€ã®æ­¦å™¨ãªã®ã§ã™
â€•æ‘é•·â€•","Nonresistance is the only weapon
that we have to defend ourselves!
ãƒ¼ Village Chief",Nonresistance is the only weapon that we have to defend ourselves!,Pacifism is the only weapon the weak have to protect ourselves.,"La non violenza Ã¨ l'unica arma
che noi gente inerme possiamo usare per difenderci!
ãƒ¼ Capo del villaggio ",107,107,,,,
â†‘UP,,,Koryu,Koryu,ã‚³ã‚¦ãƒªãƒ¥ã‚¦,34,Character,åŒ—æ–—ç¥æ‹³,Hokuto Shinken,Hokuto Shinken,æµ,,âº,æµ,â˜…,2200,"ãƒ»ã“ã®ã‚­ãƒ£ãƒ©ã‚¯ã‚¿ãƒ¼ã¯ã‚¹ã‚­ãƒ«ã‚«ãƒ¼ãƒ‰ã‚’è£…å‚™ã™ã‚‹ã“ã¨ãŒã§ããªã„ã€‚
ãƒ»æ”»æ’ƒä¸­ã€ã“ã®ã‚­ãƒ£ãƒ©ã‚¯ã‚¿ãƒ¼ã®ãƒ‘ãƒ¯ãƒ¼ã¯+300ã•ã‚Œã‚‹ã€‚","ãƒ» This character can't be equipped with a [Skill] card.
ãƒ» UP: While attacking, this character has +300 Power.","ãƒ» Questo personaggio non puÃ² essere equipaggiato con una carta [Skill].
ãƒ» Mentre attacca, questo personaggio ha +300 Power.","ãŠã¾ãˆã‚‚ãã®ç”·ãŸã¡åŒæ§˜ã“ã“ã§ä¾›é¤Šã—ã¦ã‚„ã‚ã†!!
ãƒ¼ã‚³ã‚¦ãƒªãƒ¥ã‚¦ãƒ¼","And you'll be joining them soon. I'll give you your last rites!!
ãƒ¼ Koryu",And you'll be joining them soon. I'll give you your last rites!!,I will lay your sould to rest!,"FarÃ² in modo che tu possa riposare in pace assieme a loro!
ãƒ¼ Koryu",98,98,,,,
å°†,,,Juza (Child),Juza (Giovane),ã‚¸ãƒ¥ã‚¦ã‚¶(å¹¼å°‘æ™‚ä»£),35,Character,å—æ–—è–æ‹³,Nanto Seiken,Nanto Seiken,æµ,,,æµ,â˜…,700,"ãƒ»ã“ã®ã‚­ãƒ£ãƒ©ã‚¯ã‚¿ãƒ¼ãŒã€å¤§å°†ã€‘ã§ã‚ã‚‹é–“ã€
   è‡ªåˆ†ã®ã€ã‚¸ãƒ¥ã‚¦ã‚¶ã€ã¨åŒåã‚­ãƒ£ãƒ©ã‚¯ã‚¿ãƒ¼ã‚’ã€
   ã‚³ã‚¹ãƒˆã‚’æ”¯æ‰•ã‚ãšã«ãƒãƒˆãƒ«ãƒ•ã‚£ãƒ¼ãƒ«ãƒ‰ã«å‡ºã—ã¦ã‚‚ã‚ˆã„ã€‚
   ãã†ã—ãŸå ´åˆã€ã“ã®ã‚«ãƒ¼ãƒ‰ã‚’æ¨æœ­ã«ã™ã‚‹ã€‚","ãƒ» å°†: While this character is the [General], you may play a character named ""Juza"" from your hand by discarding this card, without paying its cost.","ãƒ» å°†: FinchÃ© questo personaggio Ã¨ il [Generale], puoi giocare un personaggio di nome ""Juza"" dalla tua mano scartando questa carta, senza pagarne il costo.","ã‚ªãƒ¬ã‹ï¼? ã‚ªãƒ¬ã¯å–°ã†ã ã‘
ãƒ¼ã‚¸ãƒ¥ã‚¦ã‚¶ãƒ¼","Me? I'd just eat them.
ãƒ¼ Juza","Who, me? I'd just eat them.",Me? I just eat it.,"A me basta mangiarle.
ãƒ¼ Juza",116,116,,,,
ËŸğŸ´,,,Johnny,Johnny,ãƒã‚¹ã‚¿ãƒ¼,36,Character,ä¸€èˆ¬äºº,Commoner,Civile,æµ,,,,,800,"ãƒ»ã“ã®ã‚­ãƒ£ãƒ©ã‚¯ã‚¿ãƒ¼ã‚’ãƒãƒˆãƒ«ãƒ•ã‚£ãƒ¼ãƒ«ãƒ‰ã«å‡ºã—ãŸã¨ãã€
   æµæ´¾ã€ä¸€èˆ¬äººã€ã‚’æŒã¤è‡ªåˆ†ã®ã‚­ãƒ£ãƒ©ã‚¯ã‚¿ãƒ¼1ä½“ã‚’æ¨æœ­ã«ã™ã‚‹ã€‚
ãƒ»ã“ã®ã‚­ãƒ£ãƒ©ã‚¯ã‚¿ãƒ¼ã¯å±±æœ­ã‚’æ”»æ’ƒã™ã‚‹ã“ã¨ãŒã§ããªã„ã€‚","ãƒ» When this character enters the battlefield, discard one of your characters in the ""Commoner"" group from the battlefield.
ãƒ» ËŸğŸ´: This character can't attack the deck.","ãƒ» Quando questo personaggio entra nel battlefield, scarta uno dei tuoi personaggi del gruppo ""Civile"" dal battlefield.
ãƒ» ËŸğŸ´: Questo personaggio non puÃ² attaccare il mazzo.","ã‚ã‚Šã‚ƒï½¥ï½¥ï½¥!?
ãƒ¡ãƒãƒ«ã‚¢ãƒ«ã‚³ãƒ¼ãƒ«ã£ã¦é£²ã‚ã­ãˆã®ã‹ï½¥ï½¥ï½¥ï½¥ï½¥ï½¥
ãƒ¼ãƒã‚¹ã‚¿ãƒ¼ãƒ¼","Oh...?!
I guess methyl alchohol isn't meant to be drunk...
ãƒ¼ Johnny","Oh...?!
I guess methyl alchohol isn't meant to be drunk...","Oh...?
Methanol's not drinkable...?","Ops!
Mi sa che l'alcol metilico non lo si puÃ² dare da bere, allora.
ãƒ¼ Johnny ",11,11,,,,
ËŸğŸ´,,,Taki,Taki,ã‚¿ã‚­,37,Character,ä¸€èˆ¬äºº,Commoner,Civile,æµ,,,,â˜…â˜…,300,"ãƒ»ã“ã®ã‚­ãƒ£ãƒ©ã‚¯ã‚¿ãƒ¼ãŒãƒãƒˆãƒ«ãƒ•ã‚£ãƒ¼ãƒ«ãƒ‰ã‹ã‚‰æ¨æœ­ã«ç½®ã‹ã‚Œã‚‹ã¨ãã€
   è‡ªåˆ†ã®å±±æœ­ã‹ã‚‰ã‚«ãƒ¼ãƒ‰ã‚’1æšå¼•ã„ã¦ã‚‚ã‚ˆã„ã€‚
ãƒ»ã“ã®ã‚­ãƒ£ãƒ©ã‚¯ã‚¿ãƒ¼ã¯å±±æœ­ã‚’æ”»æ’ƒã™ã‚‹ã“ã¨ãŒã§ããªã„ã€‚","ãƒ» When this character enters the battlefield, you may draw one card from your deck.
ãƒ» ËŸğŸ´: This character can't attack the deck.","ãƒ» Quando questo personaggio entra nel battlefield, puoi pescare una carta dal tuo mazzo.
ãƒ» ËŸğŸ´: Questo personaggio non puÃ² attaccare il mazzo.","ã¼ãã®æ‘ã‚’ï¼ï¼ãŠã°ã¡ã‚ƒã‚“ã‚„ã¿ã‚“ãªã‚’åŠ©ã‘ã¦ãã ã•ã„
ãƒ¼ã‚¿ã‚­ãƒ¼","It's my village! My auntie and everyone else need you help!!
ãƒ¼ Taki",It's my village! My auntie and everyone else need you help!!,My village! My auntie and the kids! They need help!!,"Salvi il mio villaggio! La nonna e i miei amici hanno bisogno di aiuto!
ãƒ¼ Taki ",17,17,,,,
ËŸğŸ´,,,Mitsu,Mitsu,ãƒŸãƒ„,38,Character,ä¸€èˆ¬äºº,Commoner,Civile,æµ,,,,,500,ãƒ»ã“ã®ã‚­ãƒ£ãƒ©ã‚¯ã‚¿ãƒ¼ã¯å±±æœ­ã‚’æ”»æ’ƒã™ã‚‹ã“ã¨ãŒã§ããªã„ã€‚,ãƒ» ËŸğŸ´: This character can't attack the deck.,ãƒ» ËŸğŸ´: Questo personaggio non puÃ² attaccare il mazzo.,"è¨±ã› ã“ã®ã‚«ã‚µãƒ³ãƒ‰ãƒ©ã®ä½äººã«
å†ã³ç”Ÿã‚’ã‚ãŸãˆã‚‹ãŸã‚ã  æ­»ã‚“ã§ãã‚Œ!!
ãƒ¼ãƒ©ã‚¤ã‚¬ãƒ»ãƒ•ã‚¦ã‚¬ãƒ¼","Forgive us! You must die
in order to save the people of Cassandra!!
ãƒ¼ Raiga & Fuga",Forgive us! you must die in order to save the people of Cassandra!!,"Forgive us... to give the people of Cassandra back their lives, we need to sacrifice yours!","Perdonaci... ma devi morire
per riconsegnare alla vita i detenuti di Cassandra!
ãƒ¼ Raiga e Fuga ",55,55,,,,
å°†,â†‘UP,,Raoh,Raoh,ãƒ©ã‚ªã‚¦,39,Character,åŒ—æ–—ç¥æ‹³,Hokuto Shinken,Hokuto Shinken,è¦‡,âº,é‚ª,è¦‡,â˜…â˜…â˜…,2400,"ãƒ»ã“ã®ã‚­ãƒ£ãƒ©ã‚¯ã‚¿ãƒ¼ãŒã€å¤§å°†ã€‘ã§ã‚ã‚‹é–“ã€
   ã“ã®ã‚­ãƒ£ãƒ©ã‚¯ã‚¿ãƒ¼ã®ãƒ‘ãƒ¯ãƒ¼ã¯+200ã•ã‚Œã‚‹ã€‚
ãƒ»ã“ã®ã‚­ãƒ£ãƒ©ã‚¯ã‚¿ãƒ¼ãŒæ”»æ’ƒã™ã‚‹ã¨ãã€
   è‡ªåˆ†ã®æ‰‹æœ­ã‚’å¥½ããªæšæ•°æ¨æœ­ã«ã—ã¦ã‚‚ã‚ˆã„ã€‚
   ãã†ã—ãŸå ´åˆã€æ”»æ’ƒä¸­ã€ã“ã®ã‚­ãƒ£ãƒ©ã‚¯ã‚¿ãƒ¼ã®ãƒ‘ãƒ¯ãƒ¼ã¯
   æ¨æœ­ã«ã—ãŸæ‰‹æœ­1æšã«ã¤ãã€+100ã•ã‚Œã‚‹ã€‚","ãƒ» å°†-UP: While this character is the [General], it has +200 Power.
ãƒ» UP: When this character attacks, you may discard any number of cards from your hand, for each discarded card, it has +100 Power.","ãƒ» å°†-UP: FinchÃ© questo personaggio Ã¨ il [Generale], ha +200 Power.
ãƒ» UP: Quando questo personaggio attacca, puoi scartare un qualsiasi numero di carte dalla tua mano; per ogni carta scartata, ha +100 Power.","ãªã‚‰ã°ç¥ã¨ã‚‚æˆ¦ã†ã¾ã§ï¼ï¼
â€•ãƒ©ã‚ªã‚¦â€•","THEN I SHALL FIGHT THE GODS, TOO!!
ãƒ¼ Raoh","THEN I SHALL FIGHT THEM, TOO!!",THEN I WILL FIGHT GOD HIMSELF!,"Allora combatterÃ² anche contro Dio!
ãƒ¼ Raoh ",61,61,,,,
å°†,â†‘UP,ğŸ—²,Shin,Shin,ã‚·ãƒ³,40,Character,å—æ–—è–æ‹³,Nanto Seiken,Nanto Seiken,è¦‡,âº,âº,é‚ª,,2000,"ãƒ»ã“ã®ã‚­ãƒ£ãƒ©ã‚¯ã‚¿ãƒ¼ãŒã€å¤§å°†ã€‘ã§ã‚ã‚‹é–“ã€
   ã“ã®ã‚­ãƒ£ãƒ©ã‚¯ã‚¿ãƒ¼ã®ãƒ‘ãƒ¯ãƒ¼ã¯+200ã•ã‚Œã‚‹.
ãƒ»ã“ã®ã‚­ãƒ£ãƒ©ã‚¯ã‚¿ãƒ¼ãŒã‚­ãƒ£ãƒ©ã‚¯ã‚¿ãƒ¼ã‚’æ”»æ’ƒã™ã‚‹ã¨ãã€
   ç›¸æ‰‹ãŒã€èº«ä»£ã‚ã‚Šã€ã‚’è¡Œã£ã¦ã‚‚ã€æ”»æ’ƒå¯¾è±¡ã®ã‚­ãƒ£ãƒ©ã‚¯ã‚¿ãƒ¼ã¨ãƒãƒˆãƒ«ã™ã‚‹ã€‚","ãƒ» å°†-UP: While this character is the [General], it has +400 Power.
ãƒ» ğŸ—²: When this character attacks another character, even if [Intercept]ed, fight the original target.","ãƒ» å°†-UP: FinchÃ© questo personaggio Ã¨ il [Generale], ha +400 Power.
ãƒ» ğŸ—²: Quando questo personaggio attacca un altro personaggio, anche se [Intercettato], combatti contro il bersaglio originale.","ãŠã‚Œã¯ãŠå‰ã®æ‹³æ³•ã§ã¯æ­»ãªã‚“ï¼ï¼
ãƒ¼ã‚·ãƒ³ãƒ¼","I will not die by your fist!!
ãƒ¼ Shin",I will not die by your fist!!,I will not die by your hands!!,"Non sarÃ  il tuo pugno ad uccidermi!
ãƒ¼ Shin",10,10,,,,
å°†,â†‘UP,,Souther,Souther,ã‚µã‚¦ã‚¶ãƒ¼,41,Character,å—æ–—è–æ‹³,Nanto Seiken,Nanto Seiken,è¦‡,âº,âº,è¦‡,â˜…â˜…,2300,"ãƒ»ã“ã®ã‚­ãƒ£ãƒ©ã‚¯ã‚¿ãƒ¼ãŒã€å¤§å°†ã€‘ã§ã‚ã‚‹é–“ã€
   ã“ã®ã‚­ãƒ£ãƒ©ã‚¯ã‚¿ãƒ¼ã®ãƒ‘ãƒ¯ãƒ¼ã¯+200ã•ã‚Œã‚‹ã€‚
ãƒ»ã“ã®ã‚­ãƒ£ãƒ©ã‚¯ã‚¿ãƒ¼ãŒæ”»æ’ƒã™ã‚‹ã¨ãã€è‡ªåˆ†ã®æ‰‹æœ­ãŒ1æšã§ã‚‚ã‚ã‚Œã°ã€
   è‡ªåˆ†ã®æ‰‹æœ­ã‹ã‚‰1æšã‚’é¸ã‚“ã§æ¨æœ­ã«ã™ã‚‹ã€‚","ãƒ» å°†-UP: While this character is the [General], it has +200 Power.
ãƒ» When this character attacks, discard one card from your hand (if you have any).","ãƒ» å°†-UP: FinchÃ© questo personaggio Ã¨ il [Generale], ha +200 Power.
ãƒ» Quando questo personaggio attacca, scarta una carta dalla tua mano (se possibile).","ãŠã‚Œã®ä½“ã¯ç”Ÿã¾ã‚Œã¤ã„ã¦ã®å¸ç‹ã®ä½“!
ãƒ¼ã‚µã‚¦ã‚¶ãƒ¼","I was born with the body of an Emperor!
ãƒ¼ Souther",I was born with the body of an emperor!,I was born with the body of an emperor!,"Io sono nato con il corpo di un imperatore!
ãƒ¼ Souther ",87,87,,,,
,,,Kokuoh,Kokuoh,é»’ç‹,42,Character,é¦¬,Horse,Horse,è¦‡,,,âº,,1500,,,,"ãŠã‚ŒãŒä½“ã‚’ã‚ãšã‘ã‚‹ã®ã¯é»’ç‹å·ã®ã¿
ãƒ¼ãƒ©ã‚ªã‚¦ãƒ¼","I will ride nothing but Kokuoh!
ãƒ¼ Raoh",I will ride nothing but Kokuoh.,I only trust Kokuoh.,"Kokuoh Ã¨ l'unico degno di trasportare il mio corpo!
ãƒ¼ Raoh",117,117,,,,
å°†,â†‘UP,,Raoh,Raoh,ãƒ©ã‚ªã‚¦,43,Character,åŒ—æ–—ç¥æ‹³,Hokuto Shinken,Hokuto Shinken,è¦‡,âº,è¦‡,è¦‡,â˜…,2500,"ãƒ»ã“ã®ã‚­ãƒ£ãƒ©ã‚¯ã‚¿ãƒ¼ãŒã€å¤§å°†ã€‘ã§ã‚ã‚‹é–“ã€
   ã“ã®ã‚­ãƒ£ãƒ©ã‚¯ã‚¿ãƒ¼ã®ãƒ‘ãƒ¯ãƒ¼ã¯+200ã•ã‚Œã‚‹ã€‚
ãƒ»ã“ã®ã‚­ãƒ£ãƒ©ã‚¯ã‚¿ãƒ¼ãŒæ”»æ’ƒã™ã‚‹ã¨ãã€
   ãƒãƒˆãƒ«ãƒ•ã‚£ãƒ¼ãƒ«ãƒ‰ã«ã„ã‚‹è‡ªåˆ†ã®ã€ãƒ©ã‚ªã‚¦ã€ã€é»’ç‹ã€ä»¥å¤–ã®
   ã‚­ãƒ£ãƒ©ã‚¯ã‚¿ãƒ¼1ä½“ã‚’æ¨æœ­ã«ã™ã‚‹ã€‚","ãƒ» å°†-UP: While this character is the [General], it has +200 Power.
ãƒ» When this character attacks, discard one of your characters on the battlefield not named ""Raoh"" or ""Kokuoh"".","ãƒ» å°†-UP: FinchÃ© questo personaggio Ã¨ il [Generale], ha +200 Power.
ãƒ» Quando questo personaggio attacca, scarta uno dei tuoi personaggi sul battlefield che non si chiami ""Raoh"" o ""Kokuoh"".","æ‹³ç‹ææ€–ã®ä¼èª¬ã¯ä»Šã‚ˆã‚Šå§‹ã¾ã‚‹
â€•ãƒ©ã‚ªã‚¦â€•","Ken-Oh's legend of terror begins now!
ãƒ¼ Raoh",Ken-Oh's reign of terror will begin anew!,Ken-Oh's legend of terror begins now!,"La leggenda del terrore di Ken-Oh ha ora inizio!
ãƒ¼ Raoh",104,104,Raoh (Legend of Terror),Raoh (Leggenda del Terrore),,
å°†,,,Raoh (Child),Raoh (Giovane),ãƒ©ã‚ªã‚¦(å¹¼å°‘æ™‚ä»£),44,Character,åŒ—æ–—ç¥æ‹³,Hokuto Shinken,Hokuto Shinken,è¦‡,,,è¦‡,â˜…,900,"ãƒ»ã“ã®ã‚­ãƒ£ãƒ©ã‚¯ã‚¿ãƒ¼ãŒ ã€å¤§å°†ã€‘ ã§ã‚ã‚‹é–“ã€è‡ªåˆ†ã®ã€ãƒ©ã‚ªã‚¦ã€ã¨åŒåã‚­ãƒ£ãƒ©ã‚¯ã‚¿ãƒ¼ã‚’ã€
   ã‚³ã‚¹ãƒˆã‚’æ”¯æ‰•ã‚ãšã«ãƒãƒˆãƒ«ãƒ•ã‚£ãƒ¼ãƒ«ãƒ‰ã«å‡ºã—ã¦ã‚‚ã‚ˆã„ã€‚
   ãã†ã—ãŸå ´åˆã€ã“ã®ã‚«ãƒ¼ãƒ‰ã‚’æ¨æœ­ã«ã™ã‚‹ã€‚","ãƒ» å°†: While this character is the [General], you may play a character named ""Raoh"" from your hand by discarding this card, without paying its cost.","ãƒ» å°†-UP: FinchÃ© questo personaggio Ã¨ il [Generale], puoi giocare un personaggio di nome ""Raoh"" dalla tua mano scartando questa carta, senza pagarne il costo.","ã‚ªãƒ¬ã¯å¿…ãšã“ã®ä¸–ã§ä¸€ç•ªå¼·ã„ç”·ã«ãªã‚‹ï¼ï¼
â€•ãƒ©ã‚ªã‚¦â€•","I will become the strongest man of all time!!
ãƒ¼ Raoh",I'll become the strongest man of all time!!,I will be the most powerful man in this world!,"Ti giuro che diventerÃ² l'uomo piÃ¹ forte mai esistito!
ãƒ¼ Raoh ",101,101,,,,
å°†,â†‘UP,,Jagi,Jagi,ã‚¸ãƒ£ã‚®,45,Character,åŒ—æ–—ç¥æ‹³,Hokuto Shinken,Hokuto Shinken,é‚ª,,é‚ª,é‚ª,â˜…,1500,"ãƒ»ã“ã®ã‚­ãƒ£ãƒ©ã‚¯ã‚¿ãƒ¼ãŒ ã€å¤§å°†ã€‘ã§ã‚ã‚‹é–“ã€
   ãƒãƒˆãƒ«ãƒ•ã‚£ãƒ¼ãƒ«ãƒ‰ã«ã„ã‚‹å±æ€§ ã€é‚ªã€ã®ã‚­ãƒ£ãƒ©ã‚¯ã‚¿ãƒ¼ã¯
   æ”»æ’ƒä¸­ã€ãƒ‘ãƒ¯ãƒ¼ãŒ+200ã•ã‚Œã‚‹ã€‚","ãƒ» å°†-UP: While this character is the [General], all ""é‚ª"" (red) attribute characters on the battlefield have +200 Power while attacking.","ãƒ» å°†-UP: FinchÃ© questo personaggio Ã¨ il [Generale], tutti i personaggi con attributo ""é‚ª"" (rosso) sul battlefield hanno +200 Power mentre attaccano.","ã‚¦ã‚¡ãƒƒãƒãƒ!! ãŠã‚Œã•ã¾ã¯ã ã‚Œã !
åã‚’ã„ã£ã¦ã¿ã‚!!
ãƒ¼ã‚¸ãƒ£ã‚®ãƒ¼","Hyahaha!! Who am I?!
Say my name!!
ãƒ¼ Jagi",Hyahaha!! Who am I?! Say my name!!,Wah ha ha! Who am I?! Say my name!,"Uahahah!! Chi sono io?!
Di' il mio nome!
ãƒ¼ Jagi ",43,43,,,,
å°†,,,Yuda,Yuda,ãƒ¦ãƒ€,46,Character,å—æ–—è–æ‹³,Nanto Seiken,Nanto Seiken,é‚ª,,é‚ª,é‚ª,â˜…,1800,"ãƒ»ã“ã®ã‚­ãƒ£ãƒ©ã‚¯ã‚¿ãƒ¼ãŒ ã€å¤§å°†ã€‘ ã§ã‚ã‚‹é–“ã€
   ã“ã®ã‚­ãƒ£ãƒ©ã‚¯ã‚¿ãƒ¼ãŒæ”»æ’ƒã•ã‚ŒãŸã¨ãã«ã€è¡Œå‹•å®Œäº†ã€çŠ¶æ…‹ã®ã‚­ãƒ£ãƒ©ã‚¯ã‚¿ãƒ¼ã‚’
   1ä½“é¸ã‚“ã§ã€èº«ä»£ã‚ã‚Šã€ã‚’è¡Œã£ã¦ã‚‚ã‚ˆã„ã€‚
   ã€èº«ä»£ã‚ã‚Šã€ã‚’è¡Œã£ãŸã‚­ãƒ£ãƒ©ã‚¯ã‚¿ãƒ¼ã¯å¿…ãšæ¨æœ­ã«ã™ã‚‹ã€‚","ãƒ» å°†: While this character is the [General], you may use your [Spent] characters to [Intercept] attacks that target it, then discard the chosen character.","ãƒ» å°†-UP: FinchÃ© questo personaggio Ã¨ il [Generale], puoi usare i tuoi personaggi [Esausti] per [Intercettare] gli attacchi che lo bersagliano, poi scarta il personaggio scelto.","ãŠã‚Œã¯ã“ã®ä¸–ã§ã ã‚Œã‚ˆã‚Šã‚‚å¼·ãï½¥ï½¥ï½¥ï½¥ï½¥ï½¥
ãã—ã¦ç¾ã—ã„!!
ãƒ¼ãƒ¦ãƒ€ãƒ¼","No one in this world is stronger than me...
Or more beautiful!!
ãƒ¼ Yuda","No one in this world is stronger than me...
Or more beautiful!!","No one in this world is stronger...
Or more beautiful than me!","Io sono l'essere piÃ¹ forte a questo mondo...
nonchÃ© il piÃ¹ bello!
ãƒ¼ Yuda ",75,75,,,,
,,,Zeed,Zeed,ã‚¸ãƒ¼ãƒ‰,47,Character,ç„¡,None,Nessuno,é‚ª,,,,,600,"ãƒ»ã“ã®ã‚­ãƒ£ãƒ©ã‚¯ã‚¿ãƒ¼ã¯ãƒãƒˆãƒ«ãƒ•ã‚£ãƒ¼ãƒ«ãƒ‰ã«å‡ºã—ãŸã‚¿ãƒ¼ãƒ³ã«ã¯ã€
   æ”»æ’ƒã™ã‚‹ã“ã¨ãŒã§ããªã„ã€‚",ãƒ» This character can't attack on the turn it enters the battlefield.,ãƒ» Questo personaggio non puÃ² attaccare nel turno in cui entra nel battlefield.,"é£Ÿæ–™ã ! ã‚ã‚Šã£ãŸã‘ã®é£Ÿæ–™ã‚’ã‚‚ã£ã¦ã“ã„!
ãƒ¼ã‚¸ãƒ¼ãƒ‰ãƒ¼","Food! Bring me every scrap of your food!
ãƒ¼ Zeed",Food! Bring me every scrap of your food!,Food! Bring me all the food you got!,"Vogliamo da mangiare! Portateci tutto il cibo che avete!
ãƒ¼ Zeed ",1,1,,,,
â†‘UP,,,Spade,Spade,ã‚¹ãƒšãƒ¼ãƒ‰,48,Character,ç„¡,None,Nessuno,é‚ª,,,âº,,800,ãƒ»æ”»æ’ƒä¸­ã€ã“ã®ã‚­ãƒ£ãƒ©ã‚¯ã‚¿ãƒ¼ã®ãƒ‘ãƒ¯ãƒ¼ã¯+300ã•ã‚Œã‚‹ã€‚,"ãƒ» UP: While attacking, this character has +300 Power.","ãƒ» UP: Mentre attacca, questo personaggio ha +300 Power.","ã‚±ãƒƒ! è„³ã¿ããµã¡ã¾ã„ã¦æ­»ã«ã‚„ãŒã‚Œ
ãƒ¼ã‚¹ãƒšãƒ¼ãƒ‰ãƒ¼","PFFT! I'll smash your brains out! DIE, ASSHOLE!!
ãƒ¼ Spade","PFFT! I'll smash your brains out! DIE, ASSHOLE!!",Keh! I'll splatter your brains all over the place!,"Puah! Ti spaccherÃ² la testa in due! Muori!
ãƒ¼ Spade ",3,3,,,,
,,,Diamond,Diamond,ãƒ€ã‚¤ãƒ¤,49,Character,ç„¡,None,Nessuno,é‚ª,,,âº,,1000,,,,"ã“ã®ãƒ€ã‚¤ãƒ¤æ§˜ã¯ã‚¹ãƒšãƒ¼ãƒ‰ãªã©ã¨ã¯æ ¼ãŒã¡ãŒã†ï¼ï¼
â€•ãƒ€ã‚¤ãƒ¤â€•","And I, DIAMOND, am nothing like Spade!!
ãƒ¼ Diamond","And I, DIAMOND, am nothing like Spade!!","I'm Diamond, and I'm nothing like that fool Spade!!","Ora capirai che io, Diamond, sono un avversario di tutt'altro livello rispetto a Spade!
ãƒ¼ Diamond",4,4,,,,
,,,Club,Club,ã‚¯ãƒ©ãƒ–,50,Character,ç„¡,None,Nessuno,é‚ª,,,é‚ª,,1200,,,,"ãã•ã¾ã€œã€œã€œ
å®¶ç•œã®åˆ†éš›ã§ãŠã‚Œã®ä½“ã«ã•ã‚ã‚Šã‚„ãŒã£ãŸãªã€œã€œ
ãƒ¼ã‚¯ãƒ©ãƒ–ãƒ¼","Hey... Keep your filthy peasant hands off me!!
ãƒ¼ Club",Hey... Keep your filthy peasant hands off me!!,You piece of... How dare a sheep like you touch me...,"Pezzente...
hai osato toccarmi con le tue luride zampe.
ãƒ¼ Club ",5,5,,,,
,,,Heart,Heart,ãƒãƒ¼ãƒˆ,51,Character,ç„¡,None,Nessuno,é‚ª,,âº,é‚ª,â˜…,1400,"ãƒ»ã“ã®ã‚­ãƒ£ãƒ©ã‚¯ã‚¿ãƒ¼ãŒæ”»æ’ƒã•ã‚ŒãŸã¨ãã€è‡ªåˆ†ã®æ‰‹æœ­ã‚’2æšæ¨æœ­ã«ã—ã¦ã‚‚ã‚ˆã„ã€‚
   ãã†ã—ãŸå ´åˆã€ã“ã®ã‚­ãƒ£ãƒ©ã‚¯ã‚¿ãƒ¼ã¯ãƒãƒˆãƒ«ã«å‹åˆ©ã™ã‚‹ã€‚","ãƒ» When this character is attacked, you may automatically win the battle by discarding 2 cards from your hand.","ãƒ» Quando questo personaggio viene attaccato, puoi vincere automaticamente la battaglia scartando 2 carte dalla tua mano.","ã‚„ã£ã±ã‚Šãƒ–ã‚¿ã‹ãƒ»ãƒ»ãƒ»ãƒ–ã‚¿ã¯ãƒ–ã‚¿ãƒ¼å°å±‹ã¸è¡Œã‘!
ãƒ¼ã‚±ãƒ³ã‚·ãƒ­ã‚¦ãƒ¼","So it IS a pig. Pigs belong in a pigsty. Move aside!
ãƒ¼ Kenshiro",So it IS a pig. Pigs belong in a pigsty. Move aside!,"Yep, that's definitely a pig. Go back to your pigpen!","Non mi sbagliavo. C'Ã¨ davvero un maiale. Fila nel tuo porcile!
ãƒ¼ Kenshiro",7,7,,,,
,,,Mad Sergeant,Sergente Mad,ãƒãƒƒãƒ‰è»æ›¹,52,Character,ç„¡,None,Nessuno,é‚ª,,,âº,,1200,"ãƒ»ã“ã®ã‚­ãƒ£ãƒ©ã‚¯ã‚¿ãƒ¼ã¯ãƒãƒˆãƒ«ãƒ•ã‚£ãƒ¼ãƒ«ãƒ‰ã«å‡ºã—ãŸã‚¿ãƒ¼ãƒ³ã«ã¯ã€
   æ”»æ’ƒã™ã‚‹ã“ã¨ãŒã§ããªã„ã€‚",ãƒ» This character can't attack on the turn it enters the battlefield.,ãƒ» Questo personaggio non puÃ² attaccare nel turno in cui entra nel battlefield.,"ãã•ã¾ã«ã‚²ãƒªãƒ©æˆ¦ã®çœŸé«„ã‚’è¦‹ã›ã¦ã‚„ã‚ã†
ãƒ¼ãƒãƒƒãƒ‰è»æ›¹ãƒ¼","I'll show you what real guerrilla warfare can do!
ãƒ¼ Mad Sergeant",I'll show you what real guerrilla warfare can do!,I'll show you what true guerrilla warfare is!,"Ora avrai l'onore di ammirare ... le mie tecniche di guerrigliero!
ãƒ¼ Sergente Mad",13,13,,,,
å°†,,,Colonel,Colonel,ã‚«ãƒ¼ãƒãƒ«,53,Character,å—æ–—è–æ‹³,Nanto Seiken,Nanto Seiken,é‚ª,,âº,é‚ª,,1500,"ãƒ»ã“ã®ã‚­ãƒ£ãƒ©ã‚¯ã‚¿ãƒ¼ãŒã€å¤§å°†ã€‘ã§ã‚ã‚‹é–“ã€ç›¸æ‰‹ã®ã‚¢ã‚¿ãƒƒã‚¯ãƒ•ã‚§ã‚¤ã‚ºã®ã¯ã˜ã‚ã«ã€
   ç›¸æ‰‹ã®ã‚­ãƒ£ãƒ©ã‚¯ã‚¿ãƒ¼ã‹ã‚‰1æšã‚¹ã‚­ãƒ«ã‚«ãƒ¼ãƒ‰ã‚’å–ã‚Šå¤–ã—ã€æŒã¡ä¸»ã®æ‰‹æœ­ã«æˆ»ã™ã€‚","ãƒ» å°†: While this character is the [General], at the beginning of the opponent's attack phase, return a [Skill] card from one of their characters to their hand.","ãƒ» å°†: FinchÃ© questo personaggio Ã¨ il [Generale], all'inizio della fase di attacco dell'avversario, fai tornare una carta [Skill] da uno dei suoi personaggi alla sua mano.","ã‚ã®ãŠæ–¹ã¯è¶…èƒ½åŠ›è€…ã ï¼ï¼
â€•ãƒãƒƒãƒ‰è»æ›¹â€•","He's got supernatural powers!!
ãƒ¼ Mad Sergeant",He's got supernatural powers!!,He has supernatural powers!!,"Ha dei super poterii!
ãƒ¼ Sergente Mad",14,14,,,,
,,,Jackal,Jackal,ã‚¸ãƒ£ãƒƒã‚«ãƒ«,54,Character,ç„¡,None,Nessuno,é‚ª,,âº,é‚ª,,800,"ãƒ»è‡ªåˆ†ã®ä»–ã®ã‚­ãƒ£ãƒ©ã‚¯ã‚¿ãƒ¼ãŒãƒãƒˆãƒ«ãƒ•ã‚£ãƒ¼ãƒ«ãƒ‰ã‹ã‚‰æ¨æœ­ã«ç½®ã‹ã‚ŒãŸã¨ãã«ã€
   è‡ªåˆ†ã®æ‰‹æœ­ã‚’1æšæ¨æœ­ã«ã—ã¦ã‚‚ã‚ˆã„ã€‚
   ãã†ã—ãŸå ´åˆã€ã“ã®ã‚­ãƒ£ãƒ©ã‚¯ã‚¿ãƒ¼ã‚’ã€å›å¾©ã€ã™ã‚‹ã€‚","ãƒ» When one of your other characters is discarded from the battlefield, you may discard one card from your hand to make this character [Ready].","ãƒ» Quando uno dei tuoi altri personaggi viene scartato dal campo di battaglia, puoi scartare una carta dalla tua mano per rendere questo personaggio [Pronto].","ä¿ºã¯ã‚ã‚“ãŸã¨äº‰ã†æ°—ã¯ãªã„ã‚“ã§ã­
â€•ã‚¸ãƒ£ãƒƒã‚«ãƒ«â€•","I ain't interested in fighting you.
ãƒ¼ Jackal",I ain't interested in fighting you.,I ain't gonna fight you.,"Non ho alcuna intenzione di affrontarti.
ãƒ¼ Jackal",20,20,,,,
â†‘UP,,,Devil Rebirth,Devil Rebirth,ãƒ‡ãƒ“ãƒ«ãƒªãƒãƒ¼ã‚¹,55,Character,ç„¡,None,Nessuno,é‚ª,,âº,âº,,1000,"ãƒ»ã“ã®ã‚­ãƒ£ãƒ©ã‚¯ã‚¿ãƒ¼ã¯æ”»æ’ƒä¸­ã€ãƒ‘ãƒ¯ãƒ¼ãŒ+1000ã•ã‚Œã‚‹ã€‚
ãƒ»ã“ã®ã‚­ãƒ£ãƒ©ã‚¯ã‚¿ãƒ¼ãŒã€èº«ä»£ã‚ã‚Šã€ã‚’è¡Œã£ãŸå ´åˆã€
   ãƒãƒˆãƒ«ä¸­ã®ã¿ã€ã“ã®ã‚­ãƒ£ãƒ©ã‚¯ã‚¿ãƒ¼ã®ãƒ‘ãƒ¯ãƒ¼ã¯+1000ã•ã‚Œã‚‹ã€‚","ãƒ» UP: While attacking, this character has +1000 Power.
ãƒ» UP: While [Intercept]ing an attack, this character has +1000 Power.","ãƒ» UP: Mentre attacca, questo personaggio ha +1000 Power.
ãƒ» UP: Mentre [Intercetta] un attacco, questo personaggio ha +1000 Power.","ä¼šã„ãŸã‹ã£ãŸãã‚ãŒå¼Ÿã‚ˆ! å¿˜ã‚ŒãŸã‹å…„ã®é¡”ã‚’!!
ãƒ¼ã‚¸ãƒ£ãƒƒã‚«ãƒ«ãƒ¼","I missed you, my dear little brother! Have you forgotten the face of your older brother?!
ãƒ¼ Jackal","I missed you, my dear little brother! Have you forgotten the face of your older brother?!","I missed you, my little brother! Have you forgotten your own brother's face?!","Mi sei tanto mancato, fratellino! Ti sei dimenticato del volto del tuo fratello maggiore?!
ãƒ¼ Jackal",24,24,,,,
,,,Fang Clan,Clan delle Zanne,ç‰™ä¸€æ—,56,Character,è¯å±±æµ,Kazan Ryu,Kazan Ryu,é‚ª,,,é‚ª,,700,ãƒ»ã“ã®ã‚­ãƒ£ãƒ©ã‚¯ã‚¿ãƒ¼ã¯ã€åŒã˜åå‰ã§ã‚‚è¤‡æ•°ãƒãƒˆãƒ«ãƒ•ã‚£ãƒ¼ãƒ«ãƒ‰ã«å‡ºã—ã¦ã‚‚ã‚ˆã„ã€‚,"ãƒ» You may have multiple copies of this character, even if you control other copies with the same name.","ãƒ» Puoi avere piÃ¹ copie di questo personaggio, anche se controlli altre copie con lo stesso nome.","ãƒã‚«ã‚ç‰™ä¸€æ—ã¯ãŠã‚ŒãŒæœ€å¾Œã ã¨æ€ã†ãªã‚ˆ!!
ä¸€ç‰™ä¸€æ—ä¸€","You idiots really think I'm the last of the fang clan?!
ãƒ¼ Fang Clan",You morons really think I'm the last of the fang clan?!,I-I'm not the last of the fangs! There's a lot more of us!!,"Pazzi! Non credetere mica che io sia l'ultimo del clan delle zanne?!
ãƒ¼ Clan delle Zanne",29,29,,,,
å°†,,,King Fang,Grande Re delle Zanne,ç‰™å¤§ç‹,57,Character,è¯å±±æµ,Kazan Ryu,Kazan Ryu,é‚ª,,é‚ª,é‚ª,â˜…â˜…,1500,"ãƒ»ã“ã®ã‚­ãƒ£ãƒ©ã‚¯ã‚¿ãƒ¼ãŒã€å¤§å°†ã€‘ã§ã‚ã‚‹é–“ã€
   ãƒãƒˆãƒ«ãƒ•ã‚£ãƒ¼ãƒ«ãƒ‰ã«ã„ã‚‹è‡ªåˆ†ã®ã€ç‰™ä¸€æ—ã€ãŒæ¨æœ­ã«ãªã‚‹ã¨ãã€
   æ¨æœ­ã«ã›ãšã«è‡ªåˆ†ã®æ‰‹æœ­ã«æˆ»ã™ã€‚","ãƒ» å°†: While this character is the [General], when a character named ""Fang Clan"" is discarded from the battlefield, return it to your hand instead.","ãƒ» å°†: FinchÃ© questo personaggio Ã¨ il [Generale], quando un personaggio di nome ""Clan della Zanna"" viene scartato dal campo di battaglia, fai tornare quel personaggio alla tua mano.","ãƒã‚«ãƒ¢ãƒ! ã‚ã—ãŒç”Ÿãã¦ãŠã‚Œã°
ãã•ã¾ã®ã‹ã‚ã‚Šã¯ãªã‚“ã¼ã§ã‚‚ã¤ãã‚Œã‚‹ã‚!!
ä¸€ç‰™å¤§ç‹ä¸€","You fool! So long as I live,
I can replace you easily!!
ãƒ¼ King Fang","You fool! So long as I live, I can replace you easily!!","Shut up, you half-wit! I can beget a thousand of you as long as I stay alive!","Idiota! Di figli come voi ne posso fare quanti ne voglio se riuscirÃ² a sopravvivere!
ãƒ¼ Grande Re delle Zanne",37,37,,,,
å°†,,,Amiba,Amiba,ã‚¢ãƒŸãƒ,58,Character,å—æ–—è–æ‹³,Nanto Seiken,Nanto Seiken,é‚ª,,é‚ª,é‚ª,â˜…,1500,"ãƒ»ã“ã®ã‚­ãƒ£ãƒ©ã‚¯ã‚¿ãƒ¼ãŒ ã€å¤§å°†ã€‘ã§ã‚ã‚‹é–“ã€ãƒ‘ãƒ¯ãƒ¼1500ä»¥ä¸‹ã®ã‚­ãƒ£ãƒ©ã‚¯ã‚¿ãƒ¼ãŒ
   æ”»æ’ƒã™ã‚‹ã¨ãã«ã€è‡ªåˆ†ã®å±±æœ­ã®ä¸Šã‹ã‚‰ã‚«ãƒ¼ãƒ‰ã‚’1æšè¡¨ã«ã—ã¦æ¨æœ­ã«ã™ã‚‹ã€‚
   æ¨æœ­ã«ã—ãŸã‚«ãƒ¼ãƒ‰ã®å±æ€§ãŒã€é‚ªã€ã§ã‚ã‚Œã°ã€
   æ”»æ’ƒã™ã‚‹ã‚­ãƒ£ãƒ©ã‚¯ã‚¿ãƒ¼ã®ãƒ‘ãƒ¯ãƒ¼ã¯ã€æ”»æ’ƒä¸­ã€+1000ã•ã‚Œã‚‹ã€‚
   æ¨æœ­ã«ã—ãŸã‚«ãƒ¼ãƒ‰ãŒãã‚Œä»¥å¤–ã®å±æ€§ã§ã‚ã‚Œã°
   æ”»æ’ƒã™ã‚‹ã‚­ãƒ£ãƒ©ã‚¯ã‚¿ãƒ¼ã‚’æ¨æœ­ã«ç½®ãã€ãƒãƒˆãƒ«ã¯è¡Œã‚ã‚Œãªã„ã€‚","ãƒ» å°†: While this character is the [General], when a character with Power <= 1500 attacks, discard the top card of your deck. If you discarded a ""é‚ª"" (red) attribute card, the attacking character will have +1000 Power while attacking, otherwise discard the attacker and cancel the battle.","ãƒ» å°†: FinchÃ© questo personaggio Ã¨ il [Generale], quando un personaggio con Power <= 1500 attacca, scarta la prima carta del tuo mazzo. Se hai scartato una carta con attributo ""é‚ª"" (rossa), il personaggio attaccante avrÃ  +1000 Power durante l'attacco, altrimenti scarta l'attaccante e annulla la battaglia.","ã‚“ï¼? ã¾ã¡ãŒã£ãŸã‹ãªï½¥ï½¥ï½¥
ãƒ¼ã‚¢ãƒŸãƒãƒ¼","Mm?! Did I get it wrong ...?
ãƒ¼ Amiba",Hm?! I've struck the wrong one ... ?,Mm?! Did I get it wrong ... ?,"Mmh?! Mi sa che ho sbagliato...
ãƒ¼ Amiba",51,51,,,,
å°†,,,"Uighur, the Warden","Uighur, il Guardiano",ã‚¦ã‚¤ã‚°ãƒ«ç„é•·,59,Character,æ³°å±±æµ,Taizan Ryu,Taizan Ryu,é‚ª,,âº,é‚ª,â˜…â˜…,1500,"ãƒ»ã“ã®ã‚­ãƒ£ãƒ©ã‚¯ã‚¿ãƒ¼ãŒ ã€å¤§å°†ã€‘ã§ã‚ã‚‹é–“ã€
   ã“ã®ã‚­ãƒ£ãƒ©ã‚¯ã‚¿ãƒ¼ãŒæ”»æ’ƒã™ã‚‹ã¨ãã€ç›¸æ‰‹ã®æ‰‹æœ­ã‚’è¦‹ãªã„ã§1æšæ¨æœ­ã«ã™ã‚‹ã€‚","ãƒ» å°†: When this character attacks, if it is the [General], the opponent discards 1 card at random from their hand.","ãƒ» å°†: Quando questo personaggio attacca, se Ã¨ il [Generale], l'avversario scarta 1 carta a caso dalla sua mano.","ãŠã¾ãˆã”ã¨ããŒ
ã‚«ã‚µãƒ³ãƒ‰ãƒ©ã®ä¼èª¬ã‚’ç ´ã‚‹ã“ã¨ã¯ã§ãã‚“ã‚
ãƒ¼ã‚¦ã‚¤ã‚°ãƒ«ç„é•·ä¸€","As if a maggot like you
could topple the legend that is Cassandra.
ãƒ¼ Uighur, the Warden",As if a maggot like you could topple the legend that is Cassandra!!,The likes of you cannot break the legend of Cassandra!,"Un miserabile come te non potrÃ  mai scalfire la leggenda di Cassandra!
ãƒ¼ Uighur, il Guardiano",53,53,,,,
,,,Galf,Galf,ã‚¬ãƒ«ãƒ•,60,Character,ç„¡,None,Nessuno,é‚ª,,,é‚ª,â˜…,1000,"ãƒ»ã“ã®ã‚­ãƒ£ãƒ©ã‚¯ã‚¿ãƒ¼ã‚’ãƒãƒˆãƒ«ãƒ•ã‚£ãƒ¼ãƒ«ãƒ‰ã«å‡ºã—ãŸã¨ãã€
   è‡ªåˆ†ã®å±±æœ­ã®ä¸Šã‹ã‚‰ã‚«ãƒ¼ãƒ‰ã‚’1æšè¡¨ã«ã™ã‚‹ã€‚
   ãã®ã‚«ãƒ¼ãƒ‰ãŒå±æ€§ã€é‚ªã€ã®ã‚«ãƒ¼ãƒ‰ã§ã‚ã‚Œã°è‡ªåˆ†ã®æ‰‹æœ­ã«åŠ ãˆã€
   ç›¸æ‰‹ã®ãƒ‘ãƒ¯ãƒ¼800ä»¥ä¸‹ã®ã‚­ãƒ£ãƒ©ã‚¯ã‚¿ãƒ¼ã‚’1ä½“é¸ã‚“ã§æ¨æœ­ã«ã—ã¦ã‚‚ã‚ˆã„ã€‚
   ãã‚Œä»¥å¤–ã®ã‚«ãƒ¼ãƒ‰ãªã‚‰è¡¨ã«ã—ãŸã‚«ãƒ¼ãƒ‰ã‚’æ¨æœ­ã«ã™ã‚‹ã€‚","ãƒ» When this character enters the battlefield, reveal the top card of your deck. If it is a ""é‚ª"" (red) attribute card, you may draw it into your hand, and discard one of your opponent's characters with Power <= 800. If it has a different attribute, discard it.","ãƒ» Quando questo personaggio entra nel campo di battaglia, rivela la prima carta del tuo mazzo. Se Ã¨ una carta con attributo ""é‚ª"" (rossa), puoi pescarla nella tua mano e scartare uno dei personaggi del tuo avversario con Power <= 800. Se ha un attributo diverso, scartala.","ã®ã†ã‚»ã‚­ã‚ˆãƒ»ãƒ»ãƒ»ã“ã®ç”·ã€ç„¡ç½ªã‹æ­»åˆ‘ã‹ï¼Ÿ
â€•ã‚¬ãƒ«ãƒ•â€•","So, Seki, tell me... Is this man innocent or must he die?
ãƒ¼ Galf","So, Seki, tell me... Is this woman innocent or must she die?","Whaddaya say, Seki? Is she innocent or do we execute her?","Che ne dici, Seki...? Quest'uomo Ã¨ innocente o deve essere condannato a morte?
ãƒ¼Galf",73+74,73,,,,
,,,Komaku,Komaku,ã‚³ãƒã‚¯,61,Character,ç„¡,None,Nessuno,é‚ª,,âº,é‚ª,â˜…,800,"ãƒ»ã“ã®ã‚­ãƒ£ãƒ©ã‚¯ã‚¿ãƒ¼ã‚’ãƒãƒˆãƒ«ãƒ•ã‚£ãƒ¼ãƒ«ãƒ‰ã«å‡ºã—ãŸã¨ãã€
   ç›¸æ‰‹ã®æ‰‹æœ­ã‚’1æšè¦‹ãªã„ã§æ¨æœ­ã«ã™ã‚‹ã€‚","ãƒ» When this character enters the battlefield, the opponent discards 1 card at random from their hand.","ãƒ» Quando questo personaggio entra nel campo di battaglia, l'avversario scarta 1 carta a caso dalla sua mano.","ãƒ•ãƒ’ãƒ’ ä»Šã”ã‚ã¯ã‚ã®æ‘ã‚‚æ°´ã³ãŸã—
ä¸€ã‚³ãƒã‚¯ãƒ¼","Heeheehee... I reckon that the village is under water by now!
ãƒ¼ Komaku",Heeheehee... I reckon that the village is under water by now!,Ee Hee Hee! The village must be all flooded by now.,"Hihihih... ormai il villaggio sarÃ  inondato.
ãƒ¼ Komaku",81,81,,,,
,,,Usa,Usa,ã‚¦ã‚µ,62,Character,ç„¡,None,Nessuno,é‚ª,,âº,é‚ª,,600,"ãƒ»ã“ã®ã‚­ãƒ£ãƒ©ã‚¯ã‚¿ãƒ¼ãŒãƒãƒˆãƒ«ãƒ•ã‚£ãƒ¼ãƒ«ãƒ‰ã«ã„ã‚‹é–“ã€
   ç›¸æ‰‹ãŒã‚¤ãƒ™ãƒ³ãƒˆã‚«ãƒ¼ãƒ‰ã‚’ä½¿ç”¨ã—ãŸãªã‚‰ã°è‡ªåˆ†ã®å±±æœ­ã‹ã‚‰ã‚«ãƒ¼ãƒ‰ã‚’1æšå¼•ãã€‚","ãƒ» While this character is on the battlefield, if the opponent uses an [Event] card, draw one card from your deck.","ãƒ» Mentre questo personaggio Ã¨ sul campo di battaglia, se l'avversario usa una carta [Event], pesca una carta dal tuo mazzo.","ã“ã®ã‚¦ã‚µã‚‚ã‚ã‚„ã‹ã‚ŠãŸã„ã‚‚ã‚“ã§ã™ãª
ãƒ¼ã‚¦ã‚µãƒ¼","In fact, I, Usa, would like a piece of the action myself...
ãƒ¼ Usa","In fact, I, Usa, would like a piece of the action myself...",I too would like a little taste of her...,"Anche il vostro qui presente servitore Usa vorrebbe avere la vostra stessa fortuna, sa?
ãƒ¼ Usa",126,126,,,,
,,,Toki (Amiba),Toki (Amiba),ãƒˆã‚­(ã‚¢ãƒŸãƒ),63,Character,åŒ—æ–—ç¥æ‹³,Hokuto Shinken,Hokuto Shinken,é‚ª,,âº,é‚ª,â˜…â˜…â˜…,1500,"ãƒ»ã“ã®ã‚­ãƒ£ãƒ©ã‚¯ã‚¿ãƒ¼ã¯ã€ã€ãƒˆã‚­ã€ã€ã€ã‚¢ãƒŸãƒã€ã¨åŒåã‚­ãƒ£ãƒ©ã‚¯ã‚¿ãƒ¼ã¨ã—ã¦ã‚‚æ‰±ã†ã€‚
ãƒ»ã“ã®ã‚­ãƒ£ãƒ©ã‚¯ã‚¿ãƒ¼ãŒæ”»æ’ƒã™ã‚‹ã¨ãã€
   ç›¸æ‰‹ã®ã€èº«ä»£ã‚ã‚Šã€ã‚’è¡Œã†ã“ã¨ãŒã§ãã‚‹ã‚­ãƒ£ãƒ©ã‚¯ã‚¿ãƒ¼ã‚’1ä½“é¸ã‚“ã§ã‚‚ã‚ˆã„ã€‚
   é¸ã°ã‚ŒãŸã‚­ãƒ£ãƒ©ã‚¯ã‚¿ãƒ¼ã¯å¿…ãšã€èº«ä»£ã‚ã‚Šã€ã‚’è¡Œã†ã€‚","ãƒ» This character is considered to have both the name ""Toki"" and ""Amiba"".
ãƒ» When this character attacks, you may choose one opponent's character that is able to [Intercept] it and force it to [Intercept].","ãƒ» Questo personaggio Ã¨ considerato avere sia il nome ""Toki"" che ""Amiba"".
ãƒ» Quando questo personaggio attacca, puoi scegliere un personaggio dell'avversario in grado di [Intercettarlo] e costringerlo a [Intercettare].","ã‚±ãƒ³ã‚·ãƒ­ã‚¦æš´åŠ›ã¯ã„ã„ãï¼ï¼
â€•ãƒˆã‚­ï¼Ÿâ€•","Kenshiro, violence is good!!
ãƒ¼ Toki?","Kenshiro, violence is good!!","Violence is good, Kenshiro!!","Kenshiro, la violenza Ã¨ bella!
ãƒ¼ Toki?",48,48,,,,
,,,Gonzu,Gonzu,ã‚´ãƒ³ã‚º,64,Character,ç„¡,None,Nessuno,é‚ª,,âº,é‚ª,â˜…â˜…,1000,"ãƒ»ã“ã®ã‚­ãƒ£ãƒ©ã‚¯ã‚¿ãƒ¼ã‚’ãƒãƒˆãƒ«ãƒ•ã‚£ãƒ¼ãƒ«ãƒ‰ã«å‡ºã—ãŸã¨ãã€
   è‡ªåˆ†ã®å±±æœ­ã‚’ä¸Šã‹ã‚‰1æšãšã¤ã€ã‚­ãƒ£ãƒ©ã‚¯ã‚¿ãƒ¼ã‚«ãƒ¼ãƒ‰ã€ãŒå‡ºã‚‹ã¾ã§è¡¨ã«ã—ã¦ã„ãã€‚
   è¡¨ã«ã—ãŸã‚«ãƒ¼ãƒ‰ã‚’ã™ã¹ã¦è‡ªåˆ†ã®æ‰‹æœ­ã«åŠ ãˆã‚‹ã€‚","ãƒ» When this character enters the battlefield, reveal cards from the top of your deck until you reveal a [Character] card, then add all revealed cards to your hand.","ãƒ» Quando questo personaggio entra nel campo di battaglia, rivela carte dalla cima del tuo mazzo finchÃ© non riveli una carta [Character], quindi aggiungi tutte le carte rivelate alla tua mano.","ã‚´ãƒ³ã‚ºæ§˜æ–°è¨˜éŒ²~
ä¸€éƒ¨ä¸‹Aä¸€","You broke the record, Master Gonzu.
ãƒ¼ Subordinate","You broke the record, Master Gonzu!!",Master Gonzu! It's a new record!,"Signor Gonzu, ha fatto un nuovo record!
ãƒ¼ Subordinato",105,105,,,,
ğŸ—‘,,,Hokuto Hyakuretsu Ken,Hokuto Hyakuretsu Ken,åŒ—æ–—ç™¾è£‚æ‹³,65,Skill,,,,ç¾©,,,ç¾©,â˜…,"ã€ŠReqã€‹(St.) Hokuto Shinken
ã€ŠFXã€‹Double","ãƒ»æµæ´¾ã€åŒ—æ–—ç¥æ‹³ã€ã‚’æŒã¤ã‚­ãƒ£ãƒ©ã‚¯ã‚¿ãƒ¼ã«è£…å‚™å¯èƒ½ã€‚
ãƒ»ã€2é€£ç¶šã‚¢ã‚¿ãƒƒã‚¯ã€ã‚’å¾—ã‚‹ã€‚(ã€2é€£ç¶šã‚¢ã‚¿ãƒƒã‚¯ã€ã‚’å¾—ãŸã‚­ãƒ£ãƒ©ã‚¯ã‚¿ãƒ¼ã¯ã€
   åŒã˜ã‚­ãƒ£ãƒ©ã‚¯ã‚¿ãƒ¼ã«2å›æ”»æ’ƒã™ã‚‹)
ãƒ»è£…å‚™ã—ã¦ã„ã‚‹ã‚­ãƒ£ãƒ©ã‚¯ã‚¿ãƒ¼ãŒæ”»æ’ƒçµ‚äº†å¾Œã«ã“ã®ã‚«ãƒ¼ãƒ‰ã‚’æ¨æœ­ã«ã™ã‚‹ã€‚","ãƒ» åŒ—æ–—ç¥æ‹³: Can only be equipped to characters in the ""Hokuto Shinken"" group.
ãƒ» âš”ï¸ Double Attack: Equipped character can attack the same character twice.
ãƒ» ğŸ—‘: Discard this card after the equipped character finishes attacking.","ãƒ» åŒ—æ–—ç¥æ‹³: PuÃ² essere equipaggiato solo su personaggi del gruppo ""Hokuto Shinken"".
ãƒ» âš”ï¸ Doppio Attacco: il personaggio equipaggiato puÃ² attaccare lo stesso personaggio due volte.
ãƒ» ğŸ—‘: Scarta questa carta dopo che il personaggio equipaggiato ha finito di attaccare.","ã‚ãŸãŸãŸãŸä¸€ã¤ï¼
 ãƒ¼ã‚±ãƒ³ã‚·ãƒ­ã‚¦ãƒ¼","Atatatatah!!!
ãƒ¼ Kenshiro",Atatatatah!!!!!,Atatatataa!!!!,"Atatatataaaa!!!
ãƒ¼ Kenshiro",1,1,,,,
,,,Ganzan Ryozanha,Ganzan Ryozanha,å²©å±±ä¸¡æ–¬æ³¢,66,Skill,,,,ç¾©,,,âº,,"ã€ŠReqã€‹(St.) Hokuto Shinken
ã€ŠFXã€‹Att. +400","ãƒ»æµæ´¾ã€åŒ—æ–—ç¥æ‹³ã€ã‚’æŒã¤ã‚­ãƒ£ãƒ©ã‚¯ã‚¿ãƒ¼ã«è£…å‚™å¯èƒ½ã€‚
ãƒ»æ”»æ’ƒä¸­ã€ãƒ‘ãƒ¯ãƒ¼ãŒ+400ã•ã‚Œã‚‹ã€‚","ãƒ» åŒ—æ–—ç¥æ‹³: Can only be equipped to characters in the ""Hokuto Shinken"" group.
ãƒ» UP: Equipped character has +400 Power during attacks.","ãƒ» åŒ—æ–—ç¥æ‹³: PuÃ² essere equipaggiato solo su personaggi del gruppo ""Hokuto Shinken"".
ãƒ» UP: Il personaggio equipaggiato ha +400 Power durante gli attacchi.","ã‚¼ãƒ­ã ï¼ï¼
ãƒ¼ã‚±ãƒ³ã‚·ãƒ­ã‚¦ãƒ¼","Zero!!
ãƒ¼ Kenshiro",Zero!!,Zero!,"Zero!
ãƒ¼ Kenshiro",37,37,,,,
,,,Hokuto Juha Zan,Hokuto Juha Zan,åŒ—æ–—æŸ”ç ´æ–¬,67,Skill,,,,ç¾©,,âº,ç¾©,â˜…,ã€ŠReqã€‹(St.) Hokuto Shinken,"ãƒ»æµæ´¾ã€åŒ—æ–—ç¥æ‹³ã€ã‚’æŒã¤ã‚­ãƒ£ãƒ©ã‚¯ã‚¿ãƒ¼ã«è£…å‚™å¯èƒ½ã€‚
ãƒ»æ”»æ’ƒæ™‚ã«ãƒãƒˆãƒ«ã™ã‚‹ç›¸æ‰‹ã®ã€ã‚¹ã‚­ãƒ«ã‚«ãƒ¼ãƒ‰ã€ã‚’ç„¡åŠ¹ã«ã™ã‚‹ã€‚","ãƒ» åŒ—æ–—ç¥æ‹³: Can only be equipped to characters in the ""Hokuto Shinken"" group.
ãƒ» When the equipped character attacks, disable the [Skill] cards equipped by the opponent.","ãƒ» åŒ—æ–—ç¥æ‹³: PuÃ² essere equipaggiato solo su personaggi del gruppo ""Hokuto Shinken"".
ãƒ» Quando il personaggio equipaggiato attacca, disattiva le carte [Skill] equipaggiate dall'avversario.","ãŠã¾ãˆã¯ãŸã ã®è„‚è‚ªã®ã‹ãŸã¾ã‚Šã«ã™ãã‚“ï¼æ­»ã­ï¼ï¼
â€•ã‚±ãƒ³ã‚·ãƒ­ã‚¦â€•","You are nothing more than a lump of fat! Now die!!
ãƒ¼ Kenshiro",You are nothing more than a lump of fat! Now die!!,You are nothing but a bucket of lard! DIE!!,"... tu non sei altro che un agglomerato di grasso! Muori!!
ãƒ¼ Kenshiro",7,7,,,,
ğŸ—‘,,,Nanto Suichoken,Nanto Suichoken,å—æ–—æ°´é³¥æ‹³,68,Skill,,,,ç¾©,,,ç¾©,,"ã€ŠReqã€‹(St.) Nanto Seiken
ã€ŠFXã€‹Wide","ãƒ»æµæ´¾ã€å—æ–—è–æ‹³ã€ã‚’æŒã¤ã‚­ãƒ£ãƒ©ã‚¯ã‚¿ãƒ¼ã«è£…å‚™å¯èƒ½ã€‚
ãƒ»ã€Wã‚¢ã‚¿ãƒƒã‚¯ã€ã‚’å¾—ã‚‹ã€‚(ã€Wã‚¢ã‚¿ãƒƒã‚¯ã€ã‚’å¾—ãŸã‚­ãƒ£ãƒ©ã‚¯ã‚¿ãƒ¼ã¯ã€
   ã‚­ãƒ£ãƒ©ã‚¯ã‚¿ãƒ¼ã‚’æ”»æ’ƒã™ã‚‹ã¨ãã«2ä½“ã®ã‚­ãƒ£ãƒ©ã‚¯ã‚¿ãƒ¼ã‚’é¸ã³ã€ãã‚Œãã‚Œã«æ”»æ’ƒã™ã‚‹)
ãƒ»è£…å‚™ã—ã¦ã„ã‚‹ã‚­ãƒ£ãƒ©ã‚¯ã‚¿ãƒ¼ãŒæ”»æ’ƒçµ‚äº†æ™‚ã«ã“ã®ã‚«ãƒ¼ãƒ‰ã‚’æ¨æœ­ã«ã™ã‚‹ã€‚","ãƒ» å—æ–—è–æ‹³: Can only be equipped to characters in the ""Nanto Seiken"" group.
ãƒ» â° Wide Attack: During an attack the equipped character can select two characters and perform an attack against each
ãƒ» ğŸ—‘: Discard this card after the equipped character finishes attacking.","ãƒ» å—æ–—è–æ‹³: PuÃ² essere equipaggiato solo su personaggi del gruppo ""Nanto Seiken"".
ãƒ» â° Attacco Ampio: Durante un attacco, il personaggio equipaggiato puÃ² selezionare due personaggi ed eseguire un attacco contro ciascuno.
ãƒ» ğŸ—‘: Scarta questa carta dopo che il personaggio equipaggiato ha terminato l'attacco.",,,,,,26+,26,,,,
ğŸ—‘,,,"Nanto Ultimate ÅŒgi
HishÅ Hakurei","Nanto Definitiva ÅŒgi
HishÅ Hakurei",å—æ–—ç©¶æ¥µå¥¥ç¾© é£›ç¿”ç™½éº—,69,Skill,,,,ç¾©,,âº,ç¾©,â˜…â˜…,"ã€ŠReqã€‹(St.) Nanto Seiken
ã€ŠFXã€‹Att. +600","ãƒ»æµæ´¾ã€å—æ–—è–æ‹³ã€ã‚’æŒã¤ã‚­ãƒ£ãƒ©ã‚¯ã‚¿ãƒ¼ã«è£…å‚™å¯èƒ½ã€‚
ãƒ»æ”»æ’ƒä¸­ã€ãƒ‘ãƒ¯ãƒ¼ãŒ+600ã•ã‚Œã‚‹ã€‚
ãƒ»è£…å‚™ã—ã¦ã„ã‚‹ã‚­ãƒ£ãƒ©ã‚¯ã‚¿ãƒ¼ãŒæ”»æ’ƒçµ‚äº†å¾Œã«ã“ã®ã‚«ãƒ¼ãƒ‰ã‚’æ¨æœ­ã«ã™ã‚‹ã€‚","ãƒ» å—æ–—è–æ‹³: Can only be equipped to characters in the ""Nanto Seiken"" group.
ãƒ» UP: Equipped character has +600 Power during attacks.
ãƒ» ğŸ—‘: Discard this card after the equipped character finishes attacking.","ãƒ» å—æ–—è–æ‹³: PuÃ² essere equipaggiato solo su personaggi del gruppo ""Nanto Seiken"".
ãƒ» UP: Il personaggio equipaggiato ha +600 Power durante gli attacchi.
ãƒ» ğŸ—‘: Scarta questa carta dopo che il personaggio equipaggiato ha terminato l'attacco.",,,,,,81,81,Nanto Ultimate ÅŒgi HishÅ Hakurei,,,
ğŸ—‘,,,Hokuto UjÅ Hagan Ken,Hokuto UjÅ Hagan Ken,åŒ—æ–—æœ‰æƒ…ç ´é¡”æ‹³,70,Skill,,,,æ„›,,,æ„›,â˜…â˜…,"ã€ŠReqã€‹(St.) Hokuto Shinken
ã€ŠFXã€‹+200","ãƒ»æµæ´¾ã€åŒ—æ–—ç¥æ‹³ã€ã‚’æŒã¤ã‚­ãƒ£ãƒ©ã‚¯ã‚¿ãƒ¼ã«è£…å‚™å¯èƒ½ã€‚
ãƒ»éšæ™‚ãƒ‘ãƒ¯ãƒ¼ãŒ+200ã•ã‚Œã‚‹ã€‚","ãƒ» åŒ—æ–—ç¥æ‹³: Can only be equipped to characters in the ""Hokuto Shinken"" group.
ãƒ» UP: Equipped character has +200 Power.","ãƒ» åŒ—æ–—ç¥æ‹³: PuÃ² essere equipaggiato solo su personaggi del gruppo ""Hokuto Shinken"".
ãƒ» UP: Il personaggio equipaggiato ha +200 Power.","ã‚ã¯ã€œã„ã„æ°—æŒã¡ã ã€œã€œ
ä¸€æ‹³ç‹è¦ªè¡›éšŠä¸€","Aah!! I feel SO GOOD!!
ãƒ¼ Ken-Oh's Royal Guard",Aah!! I feel SO GOOD!!,Ahhh... I feel so gooood...,"Aah!! Mi sento benissimoo!!
ãƒ¼ Guardia Reale di Ken-Oh",60,60,,,,
,,,Nanto Hakuro Ken,Nanto Hakuro Ken,å—æ–—ç™½é·ºæ‹³,71,Skill,,,,æ„›,,,æ„›,â˜…,"ã€ŠReqã€‹(St.) Nanto Seiken
ã€ŠFXã€‹+200","ãƒ»æµæ´¾ã€å—æ–—è–æ‹³ã€ã‚’æŒã¤ã‚­ãƒ£ãƒ©ã‚¯ã‚¿ãƒ¼ã«è£…å‚™å¯èƒ½ã€‚
ãƒ»éšæ™‚ãƒ‘ãƒ¯ãƒ¼ãŒ+200ã•ã‚Œã‚‹ã€‚","ãƒ» å—æ–—è–æ‹³: Can only be equipped to characters in the ""Nanto Seiken"" group.
ãƒ» UP: Equipped character has +200 Power.","ãƒ» å—æ–—è–æ‹³: PuÃ² essere equipaggiato solo su personaggi del gruppo ""Nanto Seiken"".
ãƒ» UP: Il personaggio equipaggiato ha +200 di Power.",,,,,,84,84,,,,
,,,Bladed Yo-Yos,Shuriken Yo-Yos,æ‰‹è£å‰£ãƒ¨ãƒ¼ãƒ¨ãƒ¼,72,Skill,,,,æ„›,,,âº,,ã€ŠFXã€‹Att. +200,ãƒ»æ”»æ’ƒä¸­ã€ãƒ‘ãƒ¯ãƒ¼ãŒ+200ã•ã‚Œã‚‹ã€‚,ãƒ» UP: Equipped character has +200 Power during attacks.,ãƒ» UP: Il personaggio equipaggiato ha +200 di Power durante gli attacchi.,"ä»Šã¾ã§ã»ã¨ã‚“ã©ã®ç”·ãŒ
ã“ã‚Œã§é¡ã‚’å‰²ã‚‰ã‚Œã¦ã„ã‚‹ã‚
â€•ãƒãƒŸãƒ¤â€•","So far, most guys have been
hit right in the forehead by that.
ãƒ¼ Mamiya","So far, most guys have been
hit right in the forehead by that.","Most of the others
let their heads get cracked open.","Gli altri prima di te si sono tutti ritrovati con la fronte spaccata in due.
ãƒ¼ Mamiya",27,27,,,,
,,,Taizan TenrÅ Ken,Taizan TenrÅ Ken,æ³°å±±å¤©ç‹¼æ‹³,73,Skill,,,,æµ,,,æµ,â˜…,"ã€ŠReqã€‹(St.) Taizan Ryu
ã€ŠFXã€‹Att. +400","ãƒ»æµæ´¾ã€æ³°å±±æµã€ã‚’æŒã¤ã‚­ãƒ£ãƒ©ã‚¯ã‚¿ãƒ¼ã«è£…å‚™å¯èƒ½ã€‚
ãƒ»æ”»æ’ƒä¸­ã€ãƒ‘ãƒ¯ãƒ¼ãŒ+400ã•ã‚Œã‚‹ã€‚","ãƒ» æ³°å±±æµ: Can only be equipped to characters in the ""Taizan Ryu"" group.
ãƒ» UP: Equipped character has +400 Power during attacks.","ãƒ» æ³°å±±æµ: PuÃ² essere equipaggiato solo su personaggi del gruppo ""Taizan Ryu"".
ãƒ» UP: Il personaggio equipaggiato ha +400 di Power durante gli attacchi.",,,,,,105,105,,,,
ğŸ—‘,,,Dynamite,Dynamite,ãƒ€ã‚¤ãƒŠãƒã‚¤ãƒˆ,74,Skill,,,,æµ,,,âº,,"ã€ŠReqã€‹(PWR) <= 800
ã€ŠFXã€‹Att. +600","ãƒ»ãƒ‘ãƒ¯ãƒ¼800ä»¥ä¸‹ã®ã‚­ãƒ£ãƒ©ã‚¯ã‚¿ãƒ¼ã«è£…å‚™å¯èƒ½ã€‚
ãƒ»æ”»æ’ƒä¸­ã€ãƒ‘ãƒ¯ãƒ¼ãŒ+600ã•ã‚Œã‚‹ã€‚
ãƒ»è£…å‚™ã—ã¦ã„ã‚‹ã‚­ãƒ£ãƒ©ã‚¯ã‚¿ãƒ¼ãŒæ”»æ’ƒçµ‚äº†å¾Œã«ã€
   ã“ã®ã‚«ãƒ¼ãƒ‰ã¨è£…å‚™ã—ã¦ã„ãŸã‚­ãƒ£ãƒ©ã‚¯ã‚¿ãƒ¼ã‚’æ¨æœ­ã«ã™ã‚‹ã€‚","ãƒ» PWR <=800: Can only be equipped to characters with Power <= 800.
ãƒ» UP: Equipped character has +600 Power during attacks.
ãƒ» ğŸ—‘: After the equipped character finishes attacking, discard it and this card.","ãƒ» PWR <=800: PuÃ² essere equipaggiato solo su personaggi con Power <= 800.
ãƒ» UP: Il personaggio equipaggiato ha +600 di Power durante gli attacchi.
ãƒ» ğŸ—‘: Dopo che il personaggio equipaggiato ha terminato di attaccare, scartalo insieme a questa carta.","ã‚ãŸã—ã«ã¯ã“ã‚ŒãŒã‚ã‚Šã¾ã™
ãƒ¼ãƒ³ãƒãƒ¼","It's alright. I have this.
ãƒ¼ Shiba",It's alright. I have this.,I have this.,"Ho questa con me.
ãƒ¼ Shiba",88,88,,,,
,,,Rice Seeds,Semi di riso,ç¨®ãƒ¢ãƒŸ,75,Skill,,,,æµ,,,âº,â˜…â˜…,ã€ŠReqã€‹(St.) Ordinary Person,"ãƒ»æµæ´¾ã€ä¸€èˆ¬äººã€ã‚’æŒã¤ã‚­ãƒ£ãƒ©ã‚¯ã‚¿ãƒ¼ã«è£…å‚™å¯èƒ½ã€‚
ãƒ»ç›¸æ‰‹ãŒæ”»æ’ƒã™ã‚‹ã¨ãã€ç›¸æ‰‹ã¯å¯èƒ½ãªé™ã‚Šã“ã®ã‚­ãƒ£ãƒ©ã‚¯ã‚¿ãƒ¼ã‚’æ”»æ’ƒå¯¾è±¡ã«ã™ã‚‹ã€‚","ãƒ» ä¸€èˆ¬äºº: Can only be equipped to characters in the ""Commoner"" group.
ãƒ» When the opponent attacks, they must attack the equipped character if possible.","ãƒ» ä¸€èˆ¬äºº: PuÃ² essere equipaggiato solo su personaggi del gruppo ""Civile"".
ãƒ» Quando l'avversario attacca, deve attaccare il personaggio equipaggiato, se possibile.","ãªãŠã•ã‚‰ãã®ç¨®ãƒ¢ãƒŸã‚’é£Ÿã„ãŸããªã£ãŸãœ
ãƒ¼ã‚¹ãƒšãƒ¼ãƒ‰ãƒ¼","Oh yeah? I wanna eat them even more now!
ãƒ¼ Spade",Oh yeah? I wanna eat them even more now!,Makes me want to eat 'em even more.,"Se sono cosÃ¬ preziosi, mi Ã¨ venuta ancora piÃ¹ voglia di mangiarli!
ãƒ¼ Spade",2,2,,,,
,,,MusÅ Insatsu,MusÅ Insatsu,ç„¡æƒ³é™°æ®º,76,Skill,,,,è¦‡,,,âº,,"ã€ŠReqã€‹(St.) Hokuto Shinken
ã€ŠFXã€‹Rec. +400","ãƒ»æµæ´¾ã€åŒ—æ–—ç¥æ‹³ã€ã‚’æŒã¤ã‚­ãƒ£ãƒ©ã‚¯ã‚¿ãƒ¼ã«è£…å‚™å¯èƒ½ã€‚
ãƒ»æ”»æ’ƒã•ã‚ŒãŸã¨ãã€ãƒãƒˆãƒ«ä¸­ã®ã¿ã€ãƒ‘ãƒ¯ãƒ¼ãŒ+400ã•ã‚Œã‚‹ã€‚","ãƒ» åŒ—æ–—ç¥æ‹³: Can only be equipped to characters in the ""Hokuto Shinken"" group.
ãƒ» UP: Equipped character has +400 Power while being attacked.","ãƒ» åŒ—æ–—ç¥æ‹³: PuÃ² essere equipaggiato solo su personaggi del gruppo ""Hokuto Shinken"".
ãƒ» UP: Il personaggio equipaggiato ha +400 di Power mentre Ã¨ sotto attacco.",,,,,,102,102,,,,
ğŸ—‘,,,ÅŒgi TenshÅ Honretsu,ÅŒgi TenshÅ Honretsu,å¥¥ç¾© å¤©å°†å¥”çƒˆ,77,Skill,,,,è¦‡,,âº,è¦‡,â˜…â˜…,"ã€ŠReqã€‹(St.) Hokuto Shinken
ã€ŠFXã€‹Att.+400 | Double","ãƒ»æµæ´¾ã€åŒ—æ–—ç¥æ‹³ã€ ã‚’æŒã¤ã‚­ãƒ£ãƒ©ã‚¯ã‚¿ãƒ¼ã«è£…å‚™å¯èƒ½ã€‚
ãƒ»æ”»æ’ƒä¸­ã€ãƒ‘ãƒ¯ãƒ¼ãŒ+400ã•ã‚Œã‚‹ã€‚
ãƒ»ã€2é€£ç¶šã‚¢ã‚¿ãƒƒã‚¯ã€ã‚’å¾—ã‚‹ã€‚
   (ã€2é€£ç¶šã‚¢ã‚¿ãƒƒã‚¯ã€ã‚’å¾—ãŸã‚­ãƒ£ãƒ©ã‚¯ã‚¿ãƒ¼ã¯ã€åŒã˜ã‚­ãƒ£ãƒ©ã‚¯ã‚¿ãƒ¼ã«2å›æ”»æ’ƒã™ã‚‹)
ãƒ»è£…å‚™ã—ã¦ã„ã‚‹ã‚­ãƒ£ãƒ©ã‚¯ã‚¿ãƒ¼ãŒæ”»æ’ƒçµ‚äº†å¾Œã«ã“ã®ã‚«ãƒ¼ãƒ‰ã‚’æ¨æœ­ã«ã™ã‚‹ã€‚","ãƒ» åŒ—æ–—ç¥æ‹³: Can only be equipped to characters in the ""Hokuto Shinken"" group.
ãƒ» UP: Equipped character has +400 Power during attacks.
ãƒ» âš”ï¸ Double Attack: Equipped character can attack the same character twice.
ãƒ» ğŸ—‘: Discard this card after the equipped character finishes attacking.","ãƒ» åŒ—æ–—ç¥æ‹³: PuÃ² essere equipaggiato solo su personaggi del gruppo ""Hokuto Shinken"".
ãƒ» UP: Il personaggio equipaggiato ha +400 di Power durante gli attacchi.
ãƒ» âš”ï¸ Doppio Attacco: il personaggio equipaggiato puÃ² attaccare lo stesso personaggio due volte.
ãƒ» ğŸ—‘: Scarta questa carta dopo che il personaggio equipaggiato ha terminato l'attacco.","ç„¡æƒ³è»¢ç”Ÿãªã©å¾®ã«ç •ã„ã¦ã‚„ã‚‹ã‚
ãƒ¼ãƒ©ã‚ªã‚¦ãƒ¼","I will crush you and your MusÅ Tensei into oblivion!
ãƒ¼ Raoh",I will crush you and your MusÅ Tensei into oblivion!,I shall crush MusÅ Tensei to Dust!,"FarÃ² a pezzi sia te che il tuo MusÅ Tensei!
ãƒ¼ Raoh",125,125,,,,
ğŸ—‘,,,"Nanto HÅÅ Ken ÅŒgi
TenshÅ JÅ«ji HÅ","Nanto HÅÅ Ken ÅŒgi
TenshÅ JÅ«ji HÅ",å—æ–—é³³å‡°æ‹³å¥¥ç¾© å¤©ç¿”åå­—é³³,78,Skill,,,,è¦‡,,âº,è¦‡,â˜…,"ã€ŠReqã€‹(St.) Nanto Seiken
ã€ŠFXã€‹Att. +200 | Wide","ãƒ»æµæ´¾ã€å—æ–—è–æ‹³ã€ã‚’æŒã¤ã‚­ãƒ£ãƒ©ã‚¯ã‚¿ãƒ¼ã«è£…å‚™å¯èƒ½ã€‚
ãƒ»æ”»æ’ƒä¸­ã€ãƒ‘ãƒ¯ãƒ¼ãŒ+200ã•ã‚Œã‚‹ã€‚
ãƒ»ã€Wã‚¢ã‚¿ãƒƒã‚¯ã€ã‚’å¾—ã‚‹ã€‚(ã€Wã‚¢ã‚¿ãƒƒã‚¯ã€ã‚’å¾—ãŸã‚­ãƒ£ãƒ©ã‚¯ã‚¿ãƒ¼ã¯ã€
   ã‚­ãƒ£ãƒ©ã‚¯ã‚¿ãƒ¼ã‚’æ”»æ’ƒã™ã‚‹ã¨ãã«2ä½“ã®ã‚­ãƒ£ãƒ©ã‚¯ã‚¿ãƒ¼ã‚’é¸ã³ã€ãã‚Œãã‚Œã«æ”»æ’ƒã™ã‚‹)
ãƒ»è£…å‚™ã—ã¦ã„ã‚‹ã‚­ãƒ£ãƒ©ã‚¯ã‚¿ãƒ¼ãŒæ”»æ’ƒçµ‚äº†å¾Œã«ã“ã®ã‚«ãƒ¼ãƒ‰ã‚’æ¨æœ­ã«ã™ã‚‹ã€‚","ãƒ» å—æ–—è–æ‹³: Can only be equipped to characters in the ""Nanto Seiken"" group.
ãƒ» UP: Equipped character has +200 Power during attacks.
ãƒ» â°Wide Attack: During an attack the equipped character can select two characters and perform an attack against each
ãƒ» ğŸ—‘: Discard this card after the equipped character finishes attacking.","ãƒ» å—æ–—è–æ‹³: PuÃ² essere equipaggiato solo su personaggi del gruppo ""Nanto Seiken"".
ãƒ» UP: Il personaggio equipaggiato ha +200 di Power durante gli attacchi.
ãƒ» â° Attacco Ampio: Durante un attacco, il personaggio equipaggiato puÃ² selezionare due personaggi ed eseguire un attacco contro ciascuno.
ãƒ» ğŸ—‘: Scarta questa carta dopo che il personaggio equipaggiato ha terminato l'attacco.","æ•µã¯ã™ã¹ã¦ä¸‹éƒ¨ï¼ï¼
ãƒ¼ã‚µã‚¦ã‚¶ãƒ¼ãƒ¼","For all my enemies are beneath me!!
ãƒ¼ Souther",For all my enemies are beneath me!!,None can stand against it!,"Ogni avversario gli Ã¨ inferiore!
ãƒ¼ Souther",96,96,Nanto HÅÅ Ken ÅŒgi TenshÅ JÅ«ji HÅ,,,
,,,Amiba Style Hokuto Shinken,Amiba Style Hokuto Shinken,ã‚¢ãƒŸãƒæµåŒ—æ–—ç¥æ‹³,79,Skill,,,,é‚ª,,,âº,â˜…â˜…,ã€ŠFXã€‹Att. +200,ãƒ»æ”»æ’ƒä¸­ã€ãƒ‘ãƒ¯ãƒ¼ãŒ+200ã•ã‚Œã‚‹ã€‚,ãƒ» UP: Equipped character has +200 Power during attacks.,ãƒ» UP: Il personaggio equipaggiato ha +200 di Power durante gli attacchi.,"åªšã³ã‚ï½ï¼ï¼ åªšã³ã‚ï½ï¼ï¼ ãŠã‚Œã¯å¤©æ‰ã ï¼ï¼
ãƒ¼ã‚¢ãƒŸãƒãƒ¼","Flatter me! Suck up to me!! I'm a genius!!
ãƒ¼ Amiba",Flatter me! Suck up to me!! I'm a genius!!,Praise me! Praise me! Say that I'm a genius!,"Voi dovete venerarmi! Idolatrarmi! Sono un genio!!
ãƒ¼ Amiba",50,50,,,,
ğŸ—‘,,,MÅko Hakyoku DÅ,MÅko Hakyoku DÅ,è’™å¤è¦‡æ¥µé“,80,Skill,,,,é‚ª,,,é‚ª,,"ã€ŠReqã€‹(Attr.) é‚ª
ã€ŠFXã€‹Att. +400","ãƒ»å±æ€§ ã€é‚ªã€ã‚’æŒã¤ã‚­ãƒ£ãƒ©ã‚¯ã‚¿ãƒ¼ã«è£…å‚™å¯èƒ½ã€‚
ãƒ»æ”»æ’ƒä¸­ã€ãƒ‘ãƒ¯ãƒ¼ãŒ+400ã•ã‚Œã‚‹ã€‚
ãƒ»è£…å‚™ã—ã¦ã„ã‚‹ã‚­ãƒ£ãƒ©ã‚¯ã‚¿ãƒ¼ãŒæ”»æ’ƒçµ‚äº†å¾Œã«ã“ã®ã‚«ãƒ¼ãƒ‰ã‚’æ¨æœ­ã«ã™ã‚‹ã€‚","ãƒ» é‚ª: Can only be equipped to characters with the ""é‚ª"" (red) attribute.
ãƒ» UP: Equipped character has +400 Power during attacks.
ãƒ» ğŸ—‘: Discard this card after the equipped character finishes attacking.","ãƒ» é‚ª: PuÃ² essere equipaggiato solo su personaggi con l'attributo ""é‚ª"" (rosso).
ãƒ» UP: Il personaggio equipaggiato ha +400 di Power durante gli attacchi.
ãƒ» ğŸ—‘: Scarta questa carta dopo che il personaggio equipaggiato ha terminato l'attacco.",,,,,,56+,56,,,,
,,,You don't deserve to live beyond today!!!,Non meritate di vedere l'alba di domani!,"ã¦ã‚ãˆã‚‰ã«
ä»Šæ—¥ã‚’ç”Ÿãã‚‹è³‡æ ¼ã¯ã­ã‡!!",81,Event,,,,ç¾©,,,âº,,,"ãƒ»è‡ªåˆ†ã®ã‚­ãƒ£ãƒ©ã‚¯ã‚¿ãƒ¼1ä½“ã‚’é¸ã¶ã€‚
   é¸ã‚“ã ã‚­ãƒ£ãƒ©ã‚¯ã‚¿ãƒ¼ã¯ã“ã®ã‚¿ãƒ¼ãƒ³ã®ã¿ã€æ”»æ’ƒä¸­ã€ãƒ‘ãƒ¯ãƒ¼ãŒ+400ã•ã‚Œã‚‹ã€‚","ãƒ» UP: Choose one of your characters, it has +400 Power while attacking this turn.","ãƒ» UP: Scegli uno dei tuoi personaggi, ha +400 Power mentre attacca in questo turno.",,,You don't deserve to live beyond today!!!,You don't deserve to live beyond today!,,2+,2,Ken's Rage,La furia di Kenshiro,"You don't deserve to live beyond today!!!
ãƒ¼ Kenshiro","Non meritate di vedere l'alba di domani!
ãƒ¼ Kenshiro"
,,,"Anyone else wishing to die, step forward!!",,æ¬¡ã«æ­»ã«ãŸã„ãƒ¤ãƒ„å‰ã«å‡ºã‚ï¼ï¼,82,Event,,,,ç¾©,,âº,ç¾©,â˜…â˜…,,"ãƒ»æ¬¡ã®ç›¸æ‰‹ã®ã‚¿ãƒ¼ãƒ³ã€ç›¸æ‰‹ã®ãƒ‘ãƒ¯ãƒ¼1000ä»¥ä¸‹ã®ã‚­ãƒ£ãƒ©ã‚¯ã‚¿ãƒ¼ã¯
   å¯èƒ½ãªé™ã‚Šæ”»æ’ƒã™ã‚‹ã€‚","ãƒ» On your opponent's next turn, all their characters with Power <= 1000 will attack if able.","ãƒ» Nel prossimo turno del tuo avversario, tutti i suoi personaggi con Power <= 1000 attaccheranno se possibile.",,,"Anyone else wishing to die, step forward!!","Whoever wants to die next, step forward!!",,27+,27,Ken's Challenge,La sfida di Kenshiro,"Anyone else wishing to die, step forward!!
ãƒ¼ Kenshiro","
ãƒ¼ Kenshiro"
,,,I can see through your every move!,Sono in grado di prevedere ogni tua singola mossa!,ãã•ã¾ã®æ”»æ’ƒã€ã™ã§ã«è¦‹åˆ‡ã£ãŸï¼,83,Event,,,,ç¾©,,,âº,â˜…,,"ãƒ»è‡ªåˆ†ã®ã‚­ãƒ£ãƒ©ã‚¯ã‚¿ãƒ¼1ä½“ã‚’é¸ã¶ã€‚
   ã“ã®ã‚¿ãƒ¼ãƒ³ã®ã¿ã€é¸ã‚“ã ã‚­ãƒ£ãƒ©ã‚¯ã‚¿ãƒ¼ãŒã‚­ãƒ£ãƒ©ã‚¯ã‚¿ãƒ¼ã‚’æ”»æ’ƒã™ã‚‹ã¨ãã€
   ç›¸æ‰‹ãŒã€èº«ä»£ã‚ã‚Šã€ã‚’è¡Œã£ã¦ã‚‚ã€æ”»æ’ƒå¯¾è±¡ã®ã‚­ãƒ£ãƒ©ã‚¯ã‚¿ãƒ¼ã¨ãƒãƒˆãƒ«ã™ã‚‹ã€‚","ãƒ» ğŸ—²: Choose one of your characters. This turn, when it attacks another character, even if [Intercept]ed, fight the original target.","ãƒ» ğŸ—²: Scegli uno dei tuoi personaggi. In questo turno, quando attacca un altro personaggio, anche se [Intercetta], combatti contro il bersaglio originale.",,,"Shin, I can see through your every move. It's over. You lose!","Shin, I see your every move! You cannot beat me!",,9+,9,Ken's Insight,L'intuizione di Kenshiro,"I can see through your every move!
ãƒ¼ Kenshiro","Sono in grado di prevedere ogni tua singola mossa!
ãƒ¼ Kenshiro"
,,,I don't want to fight you ...,Non voglio combattere con te ...,"ãŠã¾ãˆã¨ã¯
é—˜ã„ãŸããªã„ã ã‘ã ï½¥ï½¥ï½¥",84,Event,,,,ç¾©,,,ç¾©,,,"ãƒ»ã‚«ã‚¦ãƒ³ã‚¿ãƒ¼(ã€èº«ä»£ã‚ã‚Šã€ã‚’è¡Œã‚ãšã«ã‚³ã‚¹ãƒˆã‚’æ”¯æ‰•ã£ã¦ã€
   ã“ã®ã€ã‚¤ãƒ™ãƒ³ãƒˆã‚«ãƒ¼ãƒ‰ã€ã‚’ä½¿ç”¨ã—ã¦ã‚‚ã‚ˆã„)
ãƒ»ç›¸æ‰‹ã®ã‚­ãƒ£ãƒ©ã‚¯ã‚¿ãƒ¼1ä½“ã‚’é¸ã¶ã€‚
   æ¬¡ã®è‡ªåˆ†ã®ã‚¿ãƒ¼ãƒ³ã¾ã§ã€ãã®ã‚­ãƒ£ãƒ©ã‚¯ã‚¿ãƒ¼ã¯æ”»æ’ƒã™ã‚‹ã“ã¨ãŒã§ããªã„ã€‚","ãƒ» Counter (you may play this card during the [Intercept] step)
ãƒ» An opponent's character of your choice can't attack until your next turn.","ãƒ» Counter (puoi giocare questa carta durante la fase [Intercettazione])
ãƒ» Un personaggio avversario a tua scelta non puÃ² attaccare fino al tuo prossimo turno.",,,I don't want to fight you ...,I don't want to fight you ...,,35,35,Ken's Reluctance,La riluttanza di Kenshiro,"I don't want to fight you ...
ãƒ¼ Kenshiro","Non voglio combattere con te ...
ãƒ¼ Kenshiro"
,,,Listen up people! Prepare for battle!!,Forza! Prepariamoci per la battaglia!,ã•ã‚ã¿ã‚“ãªæˆ¦ã„ã®æº–å‚™ã‚ˆï¼ï¼,85,Event,,,,æ„›,,,æ„›,,,"ãƒ»è‡ªåˆ†ã®ã‚­ãƒ£ãƒ©ã‚¯ã‚¿ãƒ¼1ä½“ã‚’é¸ã¶ã€‚
   ãã®ã‚­ãƒ£ãƒ©ã‚¯ã‚¿ãƒ¼ã¯ã“ã®ã‚¿ãƒ¼ãƒ³ä¸­ã®ã¿ã€
   å±±æœ­ã«æ”»æ’ƒãŒã§ããªã„åŠ¹æœã¯æ‰“ã¡æ¶ˆã•ã‚Œã€å±±æœ­ã«æ”»æ’ƒã§ãã‚‹ã‚ˆã†ã«ãªã‚‹ã€‚
   ãŸã ã—ã€ã“ã®ã‚«ãƒ¼ãƒ‰ã‚’ä½¿ç”¨ã—ã¦ã‚‚
   è‡ªåˆ†ã®ã€å¤§å°†ã€‘ã¨ãªã‚‹ã‚­ãƒ£ãƒ©ã‚¯ã‚¿ãƒ¼ãŒã„ãªã„å ´åˆã¯ã€
   å±±æœ­ã‚’æ”»æ’ƒã™ã‚‹ã“ã¨ã¯ã§ããªã„ã€‚",ãƒ» Choose one of your characters. This turn it will ignore effects that prevent it from attacking the deck as long as you control a [General].,ãƒ» Scegli uno dei tuoi personaggi. In questo turno ignorerÃ  gli effetti che gli impediscono di attaccare il mazzo finchÃ© controlli un [Generale].,,,Listen up people! Prepare for battle!!,C'mon people! Prepare to battle!!,,30,30,Mamiya's Rallying Cry,Grido di battaglia di Mamiya,"Listen up people! Prepare for battle!!
ãƒ¼ Mamiya","Forza! Prepariamoci per la battaglia!
ãƒ¼ Mamiya"
,,,"I've no desire to live as a hostage,
so just kill me!!",Ammazzami! Non intendo sopravvivere dopo essere stata presa in ostaggio!,"ã“ã®ã¾ã¾äººè³ªã¨ãªã£ã¦
ç”Ÿãã®ã³ã‚ˆã†ã¨ã¯æ€ã‚ãªã„ï¼ï¼",86,Event,,,,æ„›,,,æ„›,â˜…,,"ãƒ»ã‚«ã‚¦ãƒ³ã‚¿ãƒ¼(ã€èº«ä»£ã‚ã‚Šã€ã‚’è¡Œã‚ãšã«ã‚³ã‚¹ãƒˆã‚’æ”¯æ‰•ã£ã¦ã€
   ã“ã®ã€ã‚¤ãƒ™ãƒ³ãƒˆã‚«ãƒ¼ãƒ‰ã€ã‚’ä½¿ç”¨ã—ã¦ã‚‚ã‚ˆã„)
ãƒ»ãƒãƒˆãƒ«ãƒ•ã‚£ãƒ¼ãƒ«ãƒ‰ã«ã„ã‚‹è‡ªåˆ†ã®ã‚­ãƒ£ãƒ©ã‚¯ã‚¿ãƒ¼1ä½“ã‚’é¸ã‚“ã§æ¨æœ­ã«ã™ã‚‹ã€‚
   ãã†ã—ãŸå ´åˆã€ãã®ã‚­ãƒ£ãƒ©ã‚¯ã‚¿ãƒ¼ã¨ãƒ‘ãƒ¯ãƒ¼ãŒåŒã˜ã‹
   ãã‚Œä»¥ä¸‹ã®ç›¸æ‰‹ã®ã‚­ãƒ£ãƒ©ã‚¯ã‚¿ãƒ¼ã‚’1ä½“é¸ã‚“ã§ã€è¡Œå‹•å®Œäº†ã€çŠ¶æ…‹ã«ã™ã‚‹ã€‚","ãƒ» Counter (you may play this card during the [Intercept] step)
ãƒ» Discard one of your characters on the battlefield, choose an opponent's character with the same or lesser power, and set it to [Spent].","ãƒ» Counter (puoi giocare questa carta durante la fase [Intercettazione])
ãƒ» Scarta uno dei tuoi personaggi sul campo di battaglia, scegli un personaggio dell'avversario con Power uguale or inferiore e rendilo [Esausto].",,,"I've no desire to live as a hostage, so just kill me!!",I will not remain a hostage just so I can live!,,35,35,Freedom or Death,LibertÃ  o morte,"I've no desire to live as a hostage,
so just kill me!!
ãƒ¼ Mamiya","Ammazzami! Non intendo sopravvivere dopo essere stata presa in ostaggio!
ãƒ¼ Mamiya"
,,,"Shinreidai channeling point,
it can extend a person's lifespan by a short time!","Posso allungarti di poco la vita stimolandoti un punto di pressione, Shinreidai!","å°‘ã—ã ã‘å‘½ã‚’ã®ã°ã™ã“ã¨ãŒã§ãã‚‹
ç§˜å­”å¿ƒéœŠå°ï¼ï¼",87,Event,,,,æ„›,,âº,æ„›,â˜…â˜…,,"ãƒ»è‡ªåˆ†ã®æ¨æœ­ã‹ã‚‰ã€ã‚­ãƒ£ãƒ©ã‚¯ã‚¿ãƒ¼ã‚«ãƒ¼ãƒ‰ã€ã‚’1æšé¸ã³ãƒãƒˆãƒ«ãƒ•ã‚£ãƒ¼ãƒ«ãƒ‰ã«å‡ºã™ã€‚
   ãã®ã‚­ãƒ£ãƒ©ã‚¯ã‚¿ãƒ¼ã¯ã‚¿ãƒ¼ãƒ³çµ‚äº†æ™‚ã«æ¨æœ­ã«ã™ã‚‹ã€‚",ãƒ» Put a [Character] Card from your discard pile on the battlefield. Discard that character at the end of the turn.,ãƒ» Metti una carta [Character] dai tuoi scarti sul campo di battaglia. Scarta quel personaggio alla fine del turno.,,,Can extend a person's lifespan by a short time + Shinreidai!!! + channeling point,Can prolong your life + Shineidai!! The pedestal of the heart! + channeling point,,78+79,78,Shinreidai Activation,Attivare lo Shinreidai,"Shinreidai channeling point,
it can extend a person's lifespan by a short time!
ãƒ¼ Toki","Posso allungarti di poco la vita stimolandoti un punto di pressione, Shinreidai!
ãƒ¼ Toki"
,,,"Become a demon once more
to protect these innocent lives!!",RitornerÃ² ad essere un demonio e combatterÃ² per proteggere delle vite innocenti!,"æ±šã‚Œãªãå‘½ã®ãŸã‚ã«
é¬¼ç¥ã¨ãªã£ã¦æˆ¦ãŠã†ï¼ï¼",88,Event,,,,æ„›,,âº,æ„›,,,"ãƒ»è‡ªåˆ†ã®ã‚­ãƒ£ãƒ©ã‚¯ã‚¿ãƒ¼1ä½“ã‚’é¸ã¶ã€‚
   è‡ªåˆ†ã®ã‚¿ãƒ¼ãƒ³çµ‚äº†æ™‚ã«ãã®ã‚­ãƒ£ãƒ©ã‚¯ã‚¿ãƒ¼ã‚’ã€å›å¾©ã€ã™ã‚‹ã€‚",ãƒ» Make one of your characters [Ready] at the end of your turn.,ãƒ» Rendi [Pronto] uno dei tuoi personaggi alla fine del tuo turno.,,,"I, Fudo, will become a demon once more to protect these innocent lives!!",I must fight as the devil once again to protect the innocent!,,127,127,Demon Once More,Ritorno del demonio,"Become a demon once more
to protect these innocent lives!!
ãƒ¼ Fudo","RitornerÃ² ad essere un demonio e combatterÃ² per proteggere delle vite innocenti!
ãƒ¼ Fudo"
,,,"It's all for the sake of tomorrow, not today ...",Il domani Ã¨ piÃ¹ importante del presente,ä»Šæ—¥ã‚ˆã‚Šæ˜æ—¥ãªã‚“ã˜ã‚ƒ,89,Event,,,,æµ,,,âº,â˜…â˜…,,"ãƒ»è‡ªåˆ†ã®æ¨æœ­ã‹ã‚‰ã‚«ãƒ¼ãƒ‰ã‚’2æšé¸ã‚“ã§è‡ªåˆ†ã®å±±æœ­ã«åŠ ãˆã€
   ãã®å¾Œã€å±±æœ­ã‚’ã‚·ãƒ£ãƒƒãƒ•ãƒ«ã™ã‚‹ã€‚","ãƒ» Return two cards of your choice from the discard pile to your deck, then shuffle the deck.","ãƒ» Rimetti due carte a tua scelta tra i tuoi scarti nel tuo mazzo, poi mescola il mazzo.",,,"It's all for the sake of tomorrow, not today ...",Those seeds aren't for today. They're for tomorrow.,,2+,2,For Tomorrow,Per il domani,"It's all for the sake of tomorrow, not today ...
ãƒ¼ Misumi","Il domani Ã¨ piÃ¹ importante del presente
ãƒ¼ Misumi"
,,,See? Just when we were talking about food!,Visto? Ci Ã¨ capitata subito un'occasione per riempirci la pancia.,"ã»ï½ï½ã‚‰ ã•ã£ããé£¯ã®ãŸã­ãŒ
ã“ã‚ãŒã£ã¦ããŸ",90,Event,,,,æµ,,,æµ,â˜…,,"ãƒ»è‡ªåˆ†ã®å±±æœ­ã‚’ä¸Šã‹ã‚‰3æšã‚’è¡¨ã«ã™ã‚‹ã€‚
   ãã®ä¸­ã‹ã‚‰ã€ã‚­ãƒ£ãƒ©ã‚¯ã‚¿ãƒ¼ã‚«ãƒ¼ãƒ‰ã€ã ã‘ã‚’è‡ªåˆ†ã®æ‰‹æœ­ã«åŠ ãˆã€
   æ®‹ã‚Šã¯æ¨æœ­ã«ã™ã‚‹ã€‚","ãƒ» Reveal the top three cards of your deck. Add all the [Character] cards revealed to your hand, and discard the rest.",ãƒ» Rivela le prime tre carte del tuo mazzo. Aggiungi tutte le carte [Character] rivelate alla tua mano e scarta le restanti.,,,See? Just when we were talking about food!,This looks like our meal ticket!,,11,11,Convenient Timing,Al momento giusto,"See? Just when we were talking about food!
ãƒ¼ Bat","Visto? Ci Ã¨ capitata subito un'occasione per riempirci la pancia.
ãƒ¼ Bat"
,,,"We've finally managed
to become self-sufficient here...",Siamo da poco diventati autosufficienti ...,ã‚ˆã†ã‚„ãè‡ªçµ¦è‡ªè¶³ãŒã§ãã‚‹ã‚ˆã†ã«ãªã‚Šã¾ã—ã¦ã®-,91,Event,,,,æµ,,,âº,,,ãƒ»è‡ªåˆ†ã®å±±æœ­ã‹ã‚‰ã‚«ãƒ¼ãƒ‰ã‚’2æšå¼•ãã€‚,ãƒ» Draw two cards from your deck.,ãƒ» Pesca due carte dal tuo mazzo.,,,We've finally managed to become self-sufficient here...,We've finally become self-sufficient...,,26,26,Self-Sufficiency,Autosufficienza,"We've finally managed
to become self-sufficient here...
ãƒ¼ Village Chief","Siamo da poco diventati autosufficienti ...
ãƒ¼ Capo-villaggio"
,,,The cries of the demons have been silenced!!,Le urla dei demoni si sono infine placate!,é¬¼ãŸã¡ã®å“­ãå£°ãŒæ­¢ã‚“ã ï¼ï¼,92,Event,,,,æµ,,âº,æµ,,,"ãƒ»ã‚«ã‚¦ãƒ³ã‚¿ãƒ¼(ã€èº«ä»£ã‚ã‚Šã€ã‚’è¡Œã‚ãšã«ã‚³ã‚¹ãƒˆã‚’æ”¯æ‰•ã£ã¦ã€
   ã“ã®ã€ã‚¤ãƒ™ãƒ³ãƒˆã‚«ãƒ¼ãƒ‰ã€ã‚’ä½¿ç”¨ã—ã¦ã‚‚ã‚ˆã„)
ãƒ»ã™ã¹ã¦ã®ãƒ—ãƒ¬ã‚¤ãƒ¤ãƒ¼ã®ã€å¤§å°†ãƒãƒ¼ã‚«ãƒ¼ã€ã‚’å–ã‚Šé™¤ãã€‚
   (ã™ã§ã«å±±æœ­ã‚’æ”»æ’ƒå¯¾è±¡ã«ã—ã¦ã„ãŸã‚­ãƒ£ãƒ©ã‚¯ã‚¿ãƒ¼ã¯ã€
   å±±æœ­ã‚’æ”»æ’ƒã›ãšã«æ”»æ’ƒçµ‚äº†ã«ãªã‚‹)","ãƒ» Counter (you may play this card during the [Intercept] step)
ãƒ» Remove all players' [General] Markers. (Characters who have already targeted the deck for attack will end their attack without attacking the deck.)","ãƒ» Counter (puoi giocare questa carta durante la fase [Intercettazione])
ãƒ» Rimuovi i segnalini [Generale] di tutti i giocatori. (I personaggi che hanno giÃ  bersagliato il mazzo per un attacco termineranno il loro attacco senza attaccare il mazzo.)",,,The cries of the demons have been silenced!!,The demons wail no longer!,,57,57,Ending Cassandra's Curse,La fine della maledizione di Cassandra,"The cries of the demons have been silenced!!
ãƒ¼ Kenshiro","Le urla dei demoni si sono infine placate!
ãƒ¼ Kenshiro"
,,,The star you see is the death omen star!,Quella che hai visto Ã  la stella messaggera di morte!,ãã•ã¾ãŒã¿ãŸæ˜Ÿã¯æ­»å…†æ˜Ÿï¼,93,Event,,,,è¦‡,,âº,è¦‡,,,ãƒ»ç›¸æ‰‹ã®ã€å¤§å°†ã€‘ã§ã¯ãªã„ã‚­ãƒ£ãƒ©ã‚¯ã‚¿ãƒ¼1ä½“ã‚’ã€è¡Œå‹•å®Œäº†ã€çŠ¶æ…‹ã«ã™ã‚‹ã€‚,ãƒ» An opponent's character of your choice that is not the [General] becomes [Spent].,ãƒ» Rendi [Esausto] un personaggio dell'avversario a tua scelta che non sia il suo [Generale].,,,The star you see is the death omen star!,The star you saw was Shichosei!,,65,65,Death Omen Star,Stella messaggera di morte,"The star you see is the death omen star!
ãƒ¼ Raoh","Quella che hai visto Ã  la stella messaggera di morte!
ãƒ¼ Raoh"
,,,"You and your petty army
are no more than trash!!",Un gruppo insignificante come il vostro ha per me lo stesso valore della spazzatura!,"ãã•ã¾ã‚‰ã®ã‚ˆã†ãªã¡ã£ã½ã‘ãª
é›†å›£ãªã©ã‚´ãƒŸåŒç„¶ï¼ï¼",94,Event,,,,è¦‡,,è¦‡,è¦‡,â˜…â˜…,,"ãƒ»ãƒãƒˆãƒ«ãƒ•ã‚£ãƒ¼ãƒ«ãƒ‰ã«ã„ã‚‹ç›¸æ‰‹ã®ãƒ‘ãƒ¯ãƒ¼800ä»¥ä¸‹ã®ã‚­ãƒ£ãƒ©ã‚¯ã‚¿ãƒ¼ã‚’
   ã™ã¹ã¦æ¨æœ­ã«ã™ã‚‹ã€‚",ãƒ» Discard all opponent's characters with Power <= 800 .,ãƒ» Scarta tutti i personaggi dell'avversario con Power <= 800.,,,You and your petty army are no more than trash!! You'd best step aside!!,You and your petty litte army are nothing but trash! Get out of my way!,,112,112,Raoh's Disdain,Disdegno di Raoh,"You and your petty army
are no more than trash!!
ãƒ¼ Raoh","Un gruppo insignificante come il vostro ha per me lo stesso valore della spazzatura!
ãƒ¼ Raoh"
,,,You're no match for me!,Mpf... non sei ancora abbastanza forte per combattere con me!,ãƒ•ãƒƒã€ãã•ã¾ã®è…•ã§ã¯ç„¡ç†ã ,95,Event,,,,è¦‡,,,è¦‡,â˜…,,"ãƒ»ã‚«ã‚¦ãƒ³ã‚¿ãƒ¼(ã€èº«ä»£ã‚ã‚Šã€ã‚’è¡Œã‚ãšã«ã‚³ã‚¹ãƒˆã‚’æ”¯æ‰•ã£ã¦ã€
   ã“ã®ã€ã‚¤ãƒ™ãƒ³ãƒˆã‚«ãƒ¼ãƒ‰ã€ ã‚’ä½¿ç”¨ã—ã¦ã‚‚ã‚ˆã„)
ãƒ»ç›¸æ‰‹ã®ãƒ‘ãƒ¯ãƒ¼1000ä»¥ä¸‹ã®ã‚­ãƒ£ãƒ©ã‚¯ã‚¿ãƒ¼1ä½“ã‚’é¸ã³ã€ç›¸æ‰‹ã®æ‰‹æœ­ã«æˆ»ã™ã€‚","ãƒ» Counter (you may play this card during the [Intercept] step)
ãƒ» Return an opponent's characters with Power <= 1000 to their hand.","ãƒ» Counter (puoi giocare questa carta durante la fase [Intercettazione])
ãƒ» Rimetti in mano i personaggi dell'avversario con Power <= 1000.",,,"Heh, you're no match for me!!","Heh, you're not ready yet.",,66,66,Unmatched Strength,Forza senza pari,"You're no match for me!
ãƒ¼ Raoh","Mpf... non sei ancora abbastanza forte per combattere con me!
ãƒ¼ Raoh"
,,,I have no regrets of the life I've led!!,"Della vita che ho vissuto, non ho alcun rimpianto!",ã‚ãŒç”Ÿæ¶¯ã«ä¸€ç‰‡ã®æ‚”ã„ãªã—ï¼ï¼,96,Event,,,,è¦‡,,âº,è¦‡,,,"ãƒ»è‡ªåˆ†ã®ã‚­ãƒ£ãƒ©ã‚¯ã‚¿ãƒ¼1ä½“ã‚’é¸ã¶ã€‚
   ãã®ã‚­ãƒ£ãƒ©ã‚¯ã‚¿ãƒ¼ã¯ã“ã®ã‚¿ãƒ¼ãƒ³ã®ã¿ãƒ‘ãƒ¯ãƒ¼ãŒ+800ã•ã‚Œã‚‹ã€‚
ãƒ»ã‚¿ãƒ¼ãƒ³çµ‚äº†æ™‚ã«é¸ã‚“ã ã‚­ãƒ£ãƒ©ã‚¯ã‚¿ãƒ¼ã‚’æ¨æœ­ã«ã™ã‚‹ã€‚","ãƒ» UP: Choose one of your characters, it has +800 Power this turn.
ãƒ» Discard the chosen character at the end of the turn.","ãƒ» UP: Scegli uno dei tuoi personaggi, ha +800 Power in questo turno.
ãƒ» Scarta il personaggio scelto alla fine del turno.",,,I have no regrets of the life I've led!!,I have no regrets for the life I've led!!,,136,136,No Regrets,Nessun rimpianto,"I have no regrets of the life I've led!!
ãƒ¼ Raoh","Della vita che ho vissuto, non ho alcun rimpianto!
ãƒ¼ Raoh"
,,,All filth will be sterilized!!,Via questa sporcizia! Steriliziamo il passaggio!,æ±šç‰©ã¯æ¶ˆæ¯’ã ã€œã€œï¼,97,Event,,,,é‚ª,,,é‚ª,,,"ãƒ»ã‚«ã‚¦ãƒ³ã‚¿ãƒ¼(ã€èº«ä»£ã‚ã‚Šã€ã‚’è¡Œã‚ãšã«ã‚³ã‚¹ãƒˆã‚’æ”¯æ‰•ã£ã¦ã€
   ã“ã®ã€ã‚¤ãƒ™ãƒ³ãƒˆã‚«ãƒ¼ãƒ‰ã€ã‚’ä½¿ç”¨ã—ã¦ã‚‚ã‚ˆã„)
ãƒ»ç›¸æ‰‹ã®æµæ´¾ã€ä¸€èˆ¬äººã€ã‚’æŒã¤ã‚­ãƒ£ãƒ©ã‚¯ã‚¿ãƒ¼1ä½“ã‚’ã€è¡Œå‹•å®Œäº†ã€çŠ¶æ…‹ã«ã™ã‚‹ã€‚","ãƒ» Counter (you may play this card during the [Intercept] step)
ãƒ» An opponent's character of your choice in the ""Commoner"" group becomes [Spent].","ãƒ» Counter (puoi giocare questa carta durante la fase [Intercettazione])
ãƒ» Un personaggio dell'avversario a tua scelta nel gruppo ""Civile"" diventa [Esausto].",,,All filth will be sterilized!!,All you filth will be sterilized!,,86,86,Purge by Fire,Purificare col fuoco,"All filth will be sterilized!!
ãƒ¼ Flamethrower Man","Via questa sporcizia! Steriliziamo il passaggio!
ãƒ¼ Soldato con lanciafiamme"
,,,I got it! Dahaha!,L'ho presa! Ahahah!,ã¨ã£ãŸã‚ï¼ ã ã¯ã¯ï¼,98,Event,,,,é‚ª,,âº,é‚ª,â˜…â˜…,,"ãƒ»ã‚«ã‚¦ãƒ³ã‚¿ãƒ¼(ã€èº«ä»£ã‚ã‚Šã€ã‚’è¡Œã‚ãšã«ã‚³ã‚¹ãƒˆã‚’æ”¯æ‰•ã£ã¦ã€
   ã“ã®ã€ã‚¤ãƒ™ãƒ³ãƒˆã‚«ãƒ¼ãƒ‰ã€ã‚’ä½¿ç”¨ã—ã¦ã‚‚ã‚ˆã„)
ãƒ»ç›¸æ‰‹ã®ã‚­ãƒ£ãƒ©ã‚¯ã‚¿ãƒ¼1ä½“ã‚’é¸ã¶ã€‚
   ãã®ã‚­ãƒ£ãƒ©ã‚¯ã‚¿ãƒ¼ãŒè£…å‚™ã—ã¦ã„ã‚‹ ã€ã‚¹ã‚­ãƒ«ã‚«ãƒ¼ãƒ‰ã€ã‚’ç›¸æ‰‹ã®æ‰‹æœ­ã«æˆ»ã™ã€‚","ãƒ» Counter (you may play this card during the [Intercept] step)
ãƒ» Return [Skill] cards equipped to an opponent's character to the opponent's hand.","ãƒ» Counter (puoi giocare questa carta durante la fase [Intercettazione])
ãƒ» Rimetti le carte [Skill] equipaggiate a un personaggio dell'avversario nella sua mano.",,,I got it! Dahaha!,I got it! Dah hah!,,59,59,ShuchÅ TÅjin Jutsu,ShuchÅ TÅjin Jutsu,"I got it! Dahaha!
ãƒ¼ Zarqa","L'ho presa! Ahahah!
ãƒ¼ Zarqa"
,,,You've walked straight into my trap!,Siete caduti nella nostra trappola.,ã¾ã‚“ã¾ã¨ãƒ¯ãƒŠã«ã¯ã¾ã‚Šã¾ã—ãŸãª,99,Event,,,,é‚ª,,é‚ª,é‚ª,â˜…,,ãƒ»ç›¸æ‰‹ã®æ‰‹æœ­ã‚’è¦‹ã‚‹ã€‚ãã®ä¸­ã‹ã‚‰1æšã‚’é¸ã³ã€æ¨æœ­ã«ã™ã‚‹,ãƒ» Look at the opponent's hand. Choose and discard one of their cards.,ãƒ» Guarda la mano dell'avversario. Scegli e scarta una delle sue carte.,,,You've walked straight into my trap!,You fell right into the trap.,,77,77,Cunning Trap,Trappola ingegnosa,"You've walked straight into my trap!
ãƒ¼ Dagar","Siete caduti nella nostra trappola.
ãƒ¼ Dagar"